Participant,STORYminusMath_SentCore_L,STORYminusMath_SentCore_R,STORYminusMath_SentCore_Asym,STORYminusMath_Hubs_L,STORYminusMath_Hubs_R,STORYminusMath_Hubs_Asym,DC_L,DC_R,DC_Asym,DC_Sum,r_interHemi,fisherTransform_r_interHemi
694,-0.46,-1.56,1.10,-0.10,-1.94,1.83,6.01,5.33,0.69,11.34,0.59,0.68
3371,1.19,0.49,0.69,1.81,0.67,1.14,5.22,3.14,2.08,8.36,0.40,0.42
7976,3.77,1.15,2.63,6.34,1.12,5.22,10.00,7.51,2.50,17.51,0.59,0.68
8667,4.55,1.55,3.00,6.19,2.09,4.10,5.71,5.37,0.34,11.08,0.48,0.52
3150,0.24,-1.99,2.23,1.11,-1.95,3.06,3.81,3.16,0.65,6.97,0.44,0.47
5057,0.59,0.30,0.29,1.06,0.37,0.69,9.15,6.23,2.92,15.39,0.55,0.62
9473,-0.36,-0.44,0.08,0.60,-0.17,0.77,4.29,3.89,0.39,8.18,0.46,0.50
1592,-0.45,0.91,-1.36,1.12,1.18,-0.06,5.18,5.26,-0.08,10.45,0.46,0.50
8172,-0.13,-0.39,0.26,0.83,1.45,-0.62,8.39,8.06,0.33,16.46,0.64,0.76
6622,-0.39,-0.55,0.16,-0.16,-0.01,-0.14,8.09,7.07,1.02,15.16,0.63,0.74
4480,2.99,1.39,1.60,3.99,1.90,2.08,6.84,6.83,0.00,13.67,0.63,0.75
717,0.92,0.06,0.86,1.65,0.37,1.28,4.90,4.94,-0.04,9.84,0.46,0.50
2322,1.20,-0.34,1.54,3.92,1.64,2.28,4.84,4.58,0.26,9.42,0.47,0.51
2572,1.91,0.87,1.05,3.52,1.25,2.27,4.76,3.78,0.97,8.54,0.45,0.49
7270,-0.12,-0.85,0.73,1.10,-0.32,1.42,3.84,3.87,-0.03,7.72,0.40,0.43
8312,1.33,0.48,0.85,1.94,0.78,1.16,7.60,6.15,1.45,13.76,0.67,0.80
1457,0.32,-0.84,1.17,1.01,0.30,0.71,3.47,3.35,0.13,6.82,0.30,0.31
1795,0.32,0.81,-0.49,1.06,0.84,0.22,5.86,5.00,0.85,10.86,0.45,0.48
2477,2.11,0.87,1.24,3.45,1.68,1.77,4.76,3.86,0.90,8.62,0.44,0.47
6901,-0.01,-0.67,0.66,0.35,-0.59,0.94,6.55,5.78,0.77,12.33,0.55,0.62
7192,0.93,-0.18,1.11,2.34,0.74,1.61,7.93,5.73,2.21,13.66,0.53,0.59
1729,-0.29,-0.93,0.63,-0.00,-0.84,0.84,3.59,3.75,-0.16,7.35,0.42,0.45
4304,0.95,-1.16,2.11,2.90,-1.39,4.29,4.80,3.66,1.14,8.46,0.41,0.43
155,1.19,-1.49,2.69,2.21,-1.41,3.62,4.38,3.32,1.06,7.70,0.47,0.51
5912,1.99,0.19,1.80,2.75,0.77,1.98,4.49,3.51,0.98,8.01,0.45,0.48
296,1.35,-1.03,2.37,1.84,-0.14,1.98,5.03,4.40,0.63,9.44,0.36,0.38
4562,1.76,-1.25,3.01,3.15,-0.97,4.12,7.87,5.16,2.71,13.03,0.53,0.60
4881,1.68,-0.81,2.49,3.73,-0.56,4.29,4.64,3.61,1.03,8.25,0.44,0.47
4070,-0.05,-0.64,0.59,0.75,0.06,0.70,7.81,8.17,-0.36,15.97,0.63,0.74
4971,2.46,1.48,0.98,5.17,2.87,2.30,5.10,4.39,0.71,9.49,0.44,0.47
2857,-0.77,-1.78,1.02,0.54,-1.21,1.75,10.82,9.81,1.01,20.63,0.77,1.02
3132,2.02,0.78,1.25,3.71,-0.01,3.72,5.10,4.53,0.57,9.64,0.49,0.53
4772,2.47,0.12,2.35,3.76,0.79,2.98,7.36,6.51,0.86,13.87,0.50,0.54
3964,1.29,0.14,1.15,2.77,0.89,1.88,5.69,5.25,0.44,10.95,0.48,0.52
4056,1.73,1.39,0.34,3.53,3.35,0.18,4.67,3.90,0.77,8.56,0.44,0.47
7309,0.78,-0.86,1.64,1.56,-0.89,2.45,7.83,8.18,-0.35,16.02,0.68,0.82
2655,-1.78,1.60,-3.39,-1.43,3.71,-5.14,3.99,5.06,-1.07,9.04,0.33,0.34
7428,2.58,0.03,2.55,5.09,0.75,4.34,6.40,5.86,0.55,12.26,0.56,0.63
470,0.08,0.57,-0.49,1.22,1.80,-0.59,4.90,3.75,1.15,8.65,0.49,0.53
52,2.96,1.14,1.82,3.60,0.73,2.87,7.42,6.82,0.60,14.24,0.60,0.70
876,0.27,0.84,-0.58,1.56,2.49,-0.93,5.66,5.52,0.14,11.18,0.52,0.58
8541,2.31,1.00,1.30,3.37,1.54,1.83,7.26,7.42,-0.15,14.68,0.59,0.68
8206,0.22,-0.62,0.83,0.91,0.01,0.90,6.82,5.56,1.26,12.38,0.56,0.63
6787,4.24,1.56,2.67,6.17,1.91,4.26,7.96,5.72,2.24,13.68,0.52,0.58
7706,1.45,-0.71,2.17,2.78,-0.83,3.61,4.05,3.71,0.34,7.76,0.46,0.49
7801,0.88,0.23,0.65,1.09,0.04,1.05,4.33,4.51,-0.18,8.84,0.43,0.46
7293,-0.83,-0.74,-0.09,0.02,0.08,-0.06,3.97,4.32,-0.36,8.29,0.38,0.40
4898,1.59,0.04,1.55,2.68,0.46,2.22,8.29,7.20,1.09,15.49,0.61,0.72
7785,1.78,0.26,1.53,3.65,0.92,2.73,8.50,7.42,1.08,15.93,0.67,0.81
6469,2.22,-1.15,3.37,4.76,-0.80,5.56,5.47,4.42,1.05,9.90,0.43,0.45
4513,2.96,2.66,0.31,3.67,3.29,0.37,6.92,5.82,1.11,12.74,0.58,0.67
8053,1.74,0.85,0.89,3.45,1.64,1.81,6.46,4.21,2.25,10.67,0.52,0.57
315,0.81,-1.11,1.93,2.99,-0.41,3.40,3.68,3.56,0.12,7.24,0.44,0.47
412,2.07,0.61,1.46,3.60,0.37,3.23,5.19,3.09,2.10,8.28,0.32,0.34
9450,0.81,0.96,-0.14,1.84,1.75,0.09,4.43,4.65,-0.22,9.08,0.26,0.27
9831,0.63,-0.48,1.11,2.62,-0.40,3.02,8.94,7.63,1.31,16.57,0.66,0.79
4597,1.44,0.80,0.65,2.83,1.27,1.56,7.25,5.49,1.75,12.74,0.56,0.64
1681,1.14,0.95,0.19,2.55,1.58,0.97,4.53,4.86,-0.33,9.39,0.40,0.42
4731,3.99,2.69,1.30,5.10,2.53,2.57,11.46,9.15,2.31,20.60,0.73,0.93
1293,0.21,-0.76,0.97,0.90,-0.35,1.26,7.51,6.12,1.39,13.64,0.63,0.74
3129,1.57,0.63,0.94,3.04,1.27,1.77,5.52,4.69,0.84,10.21,0.55,0.62
5040,1.40,0.78,0.63,3.44,1.33,2.10,5.09,3.80,1.29,8.89,0.49,0.53
1134,0.79,-0.28,1.07,2.44,0.58,1.86,6.98,5.11,1.88,12.09,0.58,0.66
9056,0.96,-0.84,1.79,2.56,-1.35,3.91,5.23,3.65,1.58,8.88,0.48,0.53
8663,1.56,0.01,1.55,3.56,0.60,2.96,5.66,5.23,0.44,10.89,0.52,0.57
2799,1.89,-0.13,2.01,4.73,0.71,4.02,6.33,4.94,1.40,11.27,0.56,0.63
2417,0.71,-1.33,2.04,2.06,-1.55,3.62,5.61,3.78,1.83,9.39,0.43,0.46
7380,0.51,-1.14,1.65,1.67,-1.13,2.80,7.69,5.53,2.16,13.22,0.50,0.55
1724,-0.37,-0.24,-0.14,0.38,0.89,-0.52,5.95,5.18,0.77,11.13,0.47,0.52
1432,0.78,0.33,0.45,2.22,1.64,0.58,5.11,5.15,-0.04,10.26,0.50,0.55
8599,2.38,1.18,1.20,3.81,2.45,1.36,6.08,5.30,0.79,11.38,0.51,0.56
9127,-1.20,-1.82,0.62,-0.40,-1.41,1.01,3.25,3.11,0.14,6.35,0.33,0.35
7911,0.61,-0.13,0.74,2.61,-0.70,3.31,4.66,3.52,1.14,8.17,0.54,0.60
2870,1.36,-1.61,2.97,2.96,-0.51,3.47,7.89,7.40,0.49,15.29,0.67,0.81
3994,2.86,-0.95,3.81,4.71,-0.34,5.05,9.38,7.31,2.06,16.69,0.57,0.64
2691,0.85,-1.18,2.04,2.37,-0.61,2.99,4.97,4.73,0.24,9.70,0.44,0.48
4591,1.98,-0.94,2.92,3.92,-0.35,4.28,6.48,5.23,1.25,11.72,0.53,0.59
3958,0.61,-1.09,1.70,1.61,-1.60,3.22,6.68,3.94,2.74,10.62,0.54,0.60
1829,0.13,-0.76,0.89,1.36,-0.29,1.66,4.70,3.77,0.93,8.47,0.49,0.53
4748,1.27,-0.23,1.50,4.53,0.26,4.27,4.63,4.16,0.46,8.79,0.33,0.34
4753,3.28,1.43,1.85,5.90,2.36,3.54,8.50,6.24,2.27,14.74,0.55,0.62
7346,1.15,0.83,0.32,1.69,2.80,-1.10,2.27,2.26,0.01,4.53,0.31,0.32
154,3.18,1.39,1.79,4.40,1.89,2.50,6.60,6.74,-0.14,13.34,0.52,0.58
1617,0.81,-0.74,1.55,2.56,0.14,2.41,4.32,3.09,1.24,7.41,0.47,0.51
2227,1.16,-0.15,1.32,2.33,0.47,1.87,4.18,3.66,0.52,7.84,0.41,0.43
7934,1.01,-0.40,1.41,3.05,1.63,1.42,6.56,5.92,0.64,12.49,0.56,0.64
9248,-0.47,-1.43,0.96,0.29,-1.27,1.56,5.06,5.05,0.00,10.11,0.54,0.60
6065,1.40,-0.89,2.29,3.39,0.52,2.87,5.18,3.57,1.61,8.75,0.32,0.33
9797,0.13,-0.01,0.14,1.54,0.34,1.21,5.49,5.03,0.46,10.52,0.53,0.59
2108,0.52,-0.34,0.86,2.93,0.62,2.31,5.93,4.74,1.19,10.67,0.48,0.52
7702,1.50,0.49,1.01,2.98,1.30,1.69,4.96,2.77,2.19,7.73,0.33,0.34
4826,-0.39,-0.60,0.21,-0.31,-0.53,0.22,4.67,5.09,-0.42,9.76,0.57,0.65
8322,0.95,-0.02,0.97,3.46,1.30,2.17,7.14,4.47,2.67,11.61,0.48,0.53
3483,0.91,-0.02,0.93,1.43,0.31,1.12,6.48,5.94,0.55,12.42,0.45,0.49
8425,1.68,0.85,0.84,2.73,1.00,1.73,6.29,5.92,0.37,12.20,0.54,0.61
1294,-0.13,-0.93,0.80,1.16,-0.44,1.61,5.35,4.19,1.16,9.53,0.39,0.41
1107,1.18,-0.56,1.74,1.53,-0.70,2.23,6.39,6.00,0.40,12.39,0.53,0.59
6039,2.64,0.99,1.65,4.64,2.06,2.59,5.96,4.61,1.35,10.57,0.50,0.55
9232,2.46,0.63,1.84,3.70,0.70,3.00,4.61,3.39,1.22,7.99,0.42,0.45
5852,2.94,0.48,2.46,6.07,1.35,4.72,4.22,3.51,0.71,7.74,0.44,0.47
4643,0.93,-2.11,3.04,2.54,-2.05,4.59,4.91,3.85,1.05,8.76,0.40,0.42
3456,2.22,0.20,2.02,4.09,0.52,3.56,6.17,5.27,0.91,11.44,0.55,0.61
8251,0.93,-0.24,1.17,1.88,0.07,1.81,5.10,4.84,0.25,9.94,0.47,0.51
7453,0.62,-0.05,0.67,1.02,0.24,0.78,4.73,3.96,0.78,8.69,0.46,0.49
9410,1.27,0.65,0.61,2.67,1.24,1.43,7.31,5.48,1.83,12.79,0.55,0.62
339,0.17,-1.14,1.31,1.08,-0.99,2.07,5.94,4.53,1.41,10.47,0.50,0.55
5194,1.46,-0.18,1.65,1.70,0.03,1.66,4.98,3.77,1.20,8.75,0.44,0.48
2912,0.86,0.11,0.75,1.98,0.90,1.07,3.90,3.24,0.66,7.15,0.58,0.66
7895,1.95,2.36,-0.41,3.77,3.37,0.39,7.88,7.32,0.56,15.20,0.66,0.79
344,0.44,0.73,-0.29,0.82,1.47,-0.66,3.56,2.32,1.23,5.88,0.44,0.47
5139,1.75,-0.11,1.86,3.23,-0.46,3.68,6.09,4.67,1.42,10.76,0.46,0.50
229,0.88,1.11,-0.23,1.55,1.58,-0.03,5.68,4.93,0.75,10.61,0.55,0.62
961,0.67,-0.11,0.77,1.63,0.68,0.95,5.80,3.89,1.91,9.69,0.46,0.49
9174,-0.37,-0.93,0.55,0.24,-0.59,0.83,4.69,4.01,0.69,8.70,0.37,0.39
2389,0.48,0.05,0.44,1.26,0.94,0.32,3.08,2.72,0.35,5.80,0.33,0.34
9072,1.31,-0.49,1.81,3.21,0.20,3.01,6.07,6.05,0.02,12.12,0.55,0.62
7953,2.74,-0.42,3.16,3.93,0.47,3.46,6.39,4.43,1.96,10.82,0.45,0.49
9902,2.54,-0.15,2.69,4.36,0.74,3.62,5.02,4.95,0.07,9.98,0.38,0.40
8391,2.96,1.49,1.47,4.62,2.34,2.28,5.77,3.55,2.22,9.32,0.44,0.47
7680,0.43,-0.29,0.72,1.16,-0.13,1.30,4.00,3.99,0.01,7.98,0.55,0.62
9614,1.58,-0.57,2.14,2.97,-0.49,3.45,7.04,6.24,0.80,13.28,0.55,0.62
6323,1.18,-0.29,1.47,2.34,0.05,2.30,6.39,4.56,1.83,10.95,0.49,0.53
223,0.33,0.62,-0.29,0.91,1.73,-0.83,7.00,5.76,1.24,12.77,0.55,0.63
6542,3.22,3.29,-0.06,4.65,5.65,-1.00,5.56,4.52,1.04,10.08,0.54,0.60
7456,2.45,1.48,0.97,3.20,2.21,0.99,8.30,7.98,0.32,16.28,0.64,0.76
1390,0.59,-0.93,1.53,1.55,0.52,1.03,3.63,4.25,-0.63,7.88,0.33,0.35
5574,0.94,-1.69,2.63,2.21,-2.32,4.52,5.79,4.45,1.33,10.24,0.49,0.54
8795,2.03,0.80,1.23,3.17,1.49,1.67,5.15,4.52,0.64,9.67,0.47,0.51
5245,4.07,2.04,2.03,6.42,3.37,3.04,4.72,4.19,0.53,8.91,0.51,0.57
4371,-2.15,-2.63,0.48,-2.04,-3.11,1.06,8.53,7.61,0.92,16.15,0.61,0.70
5617,1.26,0.42,0.83,3.37,1.69,1.68,4.66,3.83,0.83,8.49,0.45,0.48
3851,0.63,0.49,0.14,2.57,1.13,1.44,7.25,5.79,1.46,13.05,0.55,0.61
8661,0.45,0.51,-0.07,1.88,1.15,0.72,5.81,5.38,0.44,11.19,0.47,0.51
5534,0.48,-0.41,0.89,1.19,-0.57,1.76,5.44,4.93,0.50,10.37,0.56,0.64
1902,-0.17,0.09,-0.26,0.40,0.34,0.06,3.97,3.58,0.39,7.55,0.47,0.52
151,2.23,-0.14,2.36,2.77,-0.54,3.31,6.81,5.67,1.14,12.48,0.47,0.51
4272,2.84,0.09,2.74,4.15,-0.11,4.26,9.75,9.49,0.26,19.24,0.64,0.75
7468,-0.07,-1.59,1.52,1.19,-1.24,2.43,7.60,5.86,1.74,13.46,0.61,0.71
2527,1.89,0.35,1.54,3.90,0.44,3.47,4.67,3.01,1.65,7.68,0.39,0.41
8312,2.44,1.53,0.92,3.79,3.34,0.45,5.65,4.69,0.96,10.34,0.50,0.55
7675,1.46,0.60,0.86,2.63,2.14,0.49,5.43,4.07,1.36,9.51,0.43,0.46
7079,0.14,-0.98,1.12,1.44,-0.70,2.14,6.29,5.36,0.93,11.66,0.43,0.46
2902,1.00,-0.69,1.68,2.89,0.08,2.81,7.62,6.38,1.24,14.00,0.65,0.77
8476,0.97,2.12,-1.16,1.62,2.48,-0.86,6.03,5.56,0.47,11.59,0.58,0.66
4354,0.92,-0.67,1.60,2.93,0.18,2.75,5.92,4.70,1.23,10.62,0.62,0.72
1289,0.94,-0.44,1.38,2.03,-0.04,2.07,9.06,7.42,1.64,16.49,0.64,0.77
1782,1.61,-0.44,2.06,2.41,-0.96,3.37,5.71,4.69,1.01,10.40,0.52,0.57
710,2.20,1.32,0.88,4.22,2.04,2.18,8.47,6.92,1.56,15.39,0.61,0.70
5476,1.62,-0.12,1.74,2.67,0.70,1.97,7.27,6.59,0.68,13.87,0.52,0.57
9400,-0.51,-2.59,2.08,0.96,-1.71,2.67,5.18,5.34,-0.15,10.52,0.50,0.55
7292,2.03,1.61,0.42,3.29,2.82,0.48,5.77,4.01,1.77,9.78,0.46,0.50
2823,0.62,-1.12,1.74,0.88,-1.04,1.93,6.42,4.36,2.06,10.79,0.46,0.50
1574,2.83,0.35,2.48,4.61,1.24,3.36,4.43,3.80,0.63,8.24,0.38,0.40
9199,-0.70,-1.46,0.76,-0.21,-1.14,0.93,6.97,6.36,0.61,13.32,0.51,0.57
5441,1.76,-0.12,1.88,3.48,1.07,2.41,5.38,8.12,-2.73,13.50,0.30,0.31
9320,-0.45,-0.28,-0.16,-0.02,-0.19,0.17,7.50,6.18,1.31,13.68,0.65,0.77
6535,2.71,1.16,1.56,4.91,2.27,2.64,5.97,6.00,-0.03,11.97,0.60,0.70
4687,0.42,-1.85,2.27,1.26,-1.87,3.14,6.33,5.66,0.67,11.99,0.46,0.49
6756,0.48,-0.42,0.90,1.33,1.35,-0.02,3.80,3.09,0.72,6.89,0.37,0.38
9337,0.77,-1.71,2.48,0.83,-1.71,2.54,7.97,7.05,0.93,15.02,0.60,0.70
3611,2.67,-0.51,3.18,4.88,-0.50,5.37,7.05,6.04,1.01,13.09,0.57,0.65
8567,1.58,1.77,-0.19,2.92,3.10,-0.18,6.59,5.36,1.23,11.95,0.62,0.72
3588,0.76,0.23,0.53,1.31,0.96,0.36,4.16,3.82,0.35,7.98,0.47,0.51
2940,1.91,0.35,1.57,3.53,1.80,1.73,4.85,4.32,0.53,9.16,0.52,0.58
6058,0.40,-1.04,1.45,1.21,-0.32,1.53,9.07,7.85,1.23,16.92,0.60,0.69
921,1.59,-1.61,3.20,4.24,-0.90,5.15,5.17,3.49,1.68,8.66,0.28,0.29
7474,0.95,0.14,0.81,2.81,1.53,1.28,6.39,6.14,0.24,12.53,0.52,0.58
2299,1.52,1.08,0.43,3.91,3.38,0.53,7.40,6.02,1.38,13.42,0.58,0.66
1816,1.63,2.75,-1.12,2.75,4.49,-1.75,5.60,3.87,1.73,9.47,0.51,0.56
3059,2.95,1.17,1.78,3.96,1.93,2.03,4.73,4.04,0.69,8.77,0.38,0.40
6180,2.51,0.36,2.15,3.27,-0.19,3.47,5.62,4.72,0.90,10.35,0.43,0.46
4541,1.17,1.33,-0.16,1.99,2.56,-0.57,6.46,5.74,0.72,12.20,0.56,0.64
8216,1.18,0.28,0.90,2.12,0.72,1.40,6.31,4.97,1.34,11.28,0.54,0.60
7949,0.10,-0.26,0.35,0.71,-0.03,0.74,6.63,5.04,1.59,11.67,0.51,0.56
760,-0.03,-0.02,-0.01,0.64,0.50,0.15,4.53,4.22,0.31,8.75,0.45,0.49
9566,-0.98,-0.25,-0.72,-1.09,-0.72,-0.36,2.44,2.99,-0.55,5.43,0.39,0.41
2375,1.04,-0.38,1.42,2.83,-0.03,2.86,6.98,5.72,1.26,12.70,0.57,0.65
6754,0.21,0.75,-0.55,1.84,1.47,0.36,5.81,6.40,-0.59,12.22,0.63,0.73
8805,2.20,0.55,1.65,3.70,1.18,2.51,9.70,8.73,0.97,18.44,0.72,0.91
4956,1.47,0.41,1.06,2.63,1.44,1.19,3.91,3.35,0.56,7.27,0.41,0.43
920,0.56,-0.44,1.00,1.77,-0.20,1.96,4.53,3.79,0.74,8.33,0.38,0.40
3023,2.99,0.28,2.70,4.91,1.30,3.61,8.17,6.13,2.04,14.30,0.55,0.62
4603,1.18,0.24,0.94,2.46,1.48,0.98,4.36,3.05,1.31,7.41,0.42,0.44
3928,-1.48,-3.06,1.59,-0.06,-2.71,2.65,5.57,4.26,1.31,9.83,0.53,0.59
8897,3.05,1.61,1.44,4.69,2.49,2.20,4.62,4.32,0.30,8.94,0.40,0.43
6434,1.49,-0.38,1.87,2.43,0.41,2.02,8.04,6.15,1.89,14.20,0.56,0.64
2174,0.56,-0.21,0.77,1.49,0.10,1.39,8.72,7.49,1.23,16.21,0.70,0.86
149,1.85,0.26,1.59,2.82,1.64,1.18,7.05,4.74,2.31,11.78,0.55,0.61
1586,1.76,1.86,-0.10,2.54,2.65,-0.11,3.78,3.11,0.66,6.89,0.35,0.36
3248,0.54,0.76,-0.22,0.68,0.94,-0.25,7.35,5.55,1.80,12.90,0.52,0.58
7757,1.71,0.27,1.44,3.19,0.27,2.92,8.25,8.52,-0.27,16.77,0.57,0.64
6210,2.14,-0.37,2.51,4.03,0.10,3.93,7.58,6.71,0.87,14.29,0.55,0.61
2684,1.42,-0.04,1.46,3.11,1.12,1.99,6.45,4.96,1.49,11.41,0.49,0.53
2970,0.90,-0.35,1.25,1.95,-0.24,2.19,4.56,4.06,0.51,8.62,0.46,0.50
3670,0.81,-0.86,1.67,1.43,-0.79,2.22,4.22,4.85,-0.63,9.07,0.43,0.46
7762,-0.24,-0.60,0.36,0.52,-0.14,0.66,7.77,6.62,1.15,14.39,0.61,0.70
6238,1.46,-0.42,1.88,2.80,0.21,2.59,6.03,5.12,0.91,11.15,0.49,0.54
7217,1.24,0.09,1.15,1.75,-0.04,1.78,6.61,5.96,0.65,12.57,0.59,0.68
1196,1.82,0.12,1.70,2.32,-0.03,2.35,5.88,5.02,0.86,10.90,0.50,0.54
574,0.60,-0.37,0.98,1.31,-0.02,1.32,3.34,3.34,0.00,6.68,0.30,0.31
8530,3.28,1.02,2.25,4.05,0.82,3.23,5.84,4.74,1.10,10.59,0.54,0.60
1805,-0.47,-1.16,0.68,-0.11,-1.74,1.63,3.48,3.82,-0.34,7.30,0.34,0.35
1344,1.94,0.55,1.38,3.73,0.75,2.98,5.01,4.36,0.65,9.37,0.43,0.46
9520,1.35,0.08,1.27,2.60,1.06,1.54,5.53,4.30,1.23,9.83,0.54,0.60
6204,-0.59,0.29,-0.88,0.14,0.98,-0.84,6.13,5.98,0.15,12.11,0.53,0.59
397,-1.80,-1.75,-0.04,-1.31,-1.70,0.39,5.35,4.01,1.34,9.36,0.45,0.48
6416,2.09,0.45,1.64,3.53,1.02,2.50,7.65,6.43,1.22,14.07,0.57,0.64
3513,2.23,0.96,1.27,3.32,1.03,2.30,4.10,4.44,-0.34,8.54,0.44,0.48
7925,0.54,0.54,0.00,1.95,0.90,1.05,3.88,2.78,1.11,6.66,0.31,0.32
3968,3.49,-1.30,4.79,4.63,-0.94,5.57,6.12,5.30,0.83,11.42,0.42,0.45
2268,0.47,1.86,-1.39,1.37,2.56,-1.18,3.03,3.22,-0.19,6.25,0.31,0.32
6775,1.68,0.20,1.48,2.84,0.80,2.04,5.53,4.88,0.65,10.40,0.49,0.54
6051,0.74,1.63,-0.88,1.90,2.62,-0.72,6.26,6.34,-0.08,12.61,0.58,0.66
9848,1.60,0.21,1.39,3.39,-0.41,3.81,3.56,3.63,-0.07,7.18,0.43,0.46
2072,2.37,-0.54,2.90,3.76,-0.16,3.91,5.40,4.78,0.62,10.17,0.43,0.46
4123,2.76,1.05,1.71,4.22,2.01,2.21,5.13,4.10,1.03,9.24,0.46,0.50
2439,0.17,0.14,0.03,1.85,0.45,1.40,3.31,2.41,0.90,5.72,0.29,0.30
3976,1.81,-0.36,2.17,3.44,0.61,2.83,5.89,4.82,1.08,10.71,0.42,0.44
7671,2.64,0.29,2.35,5.88,1.17,4.71,4.76,4.66,0.11,9.42,0.46,0.50
7153,1.57,0.62,0.95,3.36,1.30,2.06,6.34,5.14,1.20,11.48,0.53,0.59
6493,3.36,1.83,1.54,5.04,3.20,1.84,4.94,3.44,1.49,8.38,0.44,0.48
7430,-0.06,-1.74,1.68,0.83,-1.18,2.02,6.10,4.96,1.14,11.06,0.44,0.47
1179,-1.08,-1.62,0.54,0.26,-0.72,0.98,5.85,5.39,0.47,11.24,0.47,0.51
1081,1.18,0.48,0.70,2.25,1.34,0.91,6.34,5.13,1.21,11.47,0.50,0.55
305,2.98,1.18,1.80,4.24,1.25,2.98,5.72,5.55,0.17,11.28,0.54,0.60
771,0.06,-3.34,3.41,1.88,-2.17,4.05,5.63,6.12,-0.49,11.75,0.51,0.57
2888,1.65,-0.03,1.67,4.07,1.01,3.06,5.44,4.75,0.69,10.19,0.47,0.51
5685,2.06,-0.09,2.15,3.93,0.79,3.14,7.50,6.98,0.52,14.48,0.57,0.65
57,2.23,0.10,2.13,3.86,0.83,3.04,6.57,4.36,2.21,10.94,0.49,0.53
5372,1.57,-0.60,2.16,3.50,-0.48,3.98,8.45,6.01,2.43,14.46,0.58,0.66
124,0.14,-1.89,2.03,2.41,-0.12,2.53,6.72,3.59,3.13,10.31,0.45,0.48
6437,0.95,0.02,0.94,1.65,0.03,1.62,8.00,5.42,2.58,13.42,0.56,0.64
8678,1.37,1.33,0.04,2.65,2.75,-0.11,3.53,2.75,0.79,6.28,0.31,0.32
789,1.36,-1.08,2.44,2.06,-0.29,2.35,5.14,4.96,0.18,10.11,0.43,0.46
6459,2.67,0.09,2.58,4.68,0.44,4.25,5.14,3.98,1.16,9.13,0.48,0.52
5292,2.02,0.52,1.49,3.42,1.70,1.72,6.90,5.28,1.62,12.18,0.55,0.61
7057,1.87,0.76,1.11,3.47,1.01,2.45,6.66,5.66,1.00,12.33,0.61,0.71
9873,3.31,2.54,0.77,3.86,2.07,1.79,7.63,6.33,1.30,13.96,0.57,0.65
7630,0.36,1.62,-1.26,0.84,0.87,-0.03,6.06,6.42,-0.36,12.48,0.61,0.71
4023,0.07,0.42,-0.34,0.40,1.25,-0.85,6.65,5.69,0.95,12.34,0.63,0.75
4000,1.09,-0.25,1.34,1.58,-0.35,1.94,3.54,3.42,0.12,6.95,0.39,0.42
6270,1.94,0.61,1.32,2.69,0.90,1.78,3.94,2.53,1.41,6.47,0.38,0.39
4935,2.48,-0.35,2.84,3.53,0.12,3.40,4.70,3.87,0.82,8.57,0.50,0.55
6662,3.04,4.37,-1.33,5.24,5.99,-0.76,4.80,4.66,0.13,9.46,0.49,0.53
7011,-0.27,-0.56,0.29,0.02,-0.24,0.26,6.29,5.50,0.79,11.79,0.45,0.49
469,1.46,0.30,1.16,2.90,0.47,2.43,5.78,5.83,-0.06,11.61,0.53,0.58
4640,2.01,-0.54,2.55,3.10,-0.27,3.38,5.99,5.94,0.05,11.93,0.52,0.58
723,0.52,-0.94,1.45,1.54,-0.87,2.42,4.59,3.66,0.94,8.25,0.48,0.52
9909,1.69,1.61,0.08,2.04,2.29,-0.25,7.17,6.89,0.28,14.06,0.62,0.72
5183,-0.37,-0.57,0.21,0.16,0.11,0.05,5.48,3.92,1.56,9.40,0.43,0.46
8418,-0.34,-0.91,0.57,1.01,-0.16,1.17,5.83,5.94,-0.11,11.77,0.47,0.50
94,2.50,-0.89,3.39,4.08,0.11,3.97,5.38,5.05,0.33,10.44,0.43,0.45
918,0.45,0.92,-0.47,1.16,1.08,0.08,4.28,3.34,0.94,7.62,0.34,0.36
5481,-1.05,-0.67,-0.38,0.19,0.18,0.01,5.84,5.57,0.26,11.41,0.50,0.55
4656,2.25,0.85,1.40,3.49,1.71,1.78,4.36,3.95,0.41,8.31,0.33,0.35
6864,2.40,-0.35,2.75,4.62,-0.62,5.25,7.34,4.60,2.74,11.93,0.53,0.59
6288,2.26,0.28,1.98,3.49,0.82,2.66,5.38,4.51,0.87,9.88,0.44,0.47
6380,0.89,0.65,0.25,1.73,1.33,0.41,4.19,3.83,0.36,8.02,0.54,0.60
2291,0.82,-0.08,0.90,1.84,0.36,1.48,4.21,4.15,0.06,8.35,0.38,0.40
6295,3.05,-0.54,3.59,6.08,-0.51,6.59,9.33,8.88,0.45,18.22,0.68,0.83
9034,4.66,0.80,3.86,6.39,1.62,4.77,8.52,7.47,1.05,15.99,0.63,0.74
4054,0.02,-0.69,0.72,0.55,0.60,-0.05,7.27,6.15,1.12,13.41,0.51,0.56
5816,1.06,-0.01,1.07,2.93,0.59,2.34,5.87,4.51,1.37,10.38,0.45,0.49
7645,0.31,-0.43,0.74,0.88,-0.51,1.39,9.28,7.70,1.58,16.99,0.62,0.72
6757,1.69,0.79,0.90,3.30,1.36,1.93,6.06,6.54,-0.47,12.60,0.62,0.72
7338,1.16,0.59,0.57,1.89,1.37,0.52,4.14,3.87,0.27,8.01,0.37,0.39
7148,0.79,0.50,0.29,1.17,0.81,0.36,6.44,4.29,2.15,10.73,0.36,0.38
736,1.97,1.69,0.28,3.75,2.67,1.08,5.95,4.65,1.30,10.61,0.47,0.51
1681,-0.43,-0.90,0.46,-0.73,-0.18,-0.55,7.79,7.43,0.35,15.22,0.62,0.72
560,-0.42,-2.23,1.82,0.71,-2.21,2.92,6.01,5.44,0.58,11.45,0.41,0.44
3300,0.75,-1.91,2.66,1.78,-1.60,3.38,8.53,6.12,2.41,14.65,0.61,0.71
7073,1.25,1.29,-0.03,2.63,1.76,0.87,3.98,3.58,0.40,7.56,0.45,0.48
1240,0.20,-0.06,0.27,0.98,-0.63,1.61,6.65,4.91,1.74,11.55,0.48,0.52
4023,1.00,0.01,0.99,3.09,0.32,2.77,6.09,5.23,0.86,11.32,0.53,0.59
8952,1.99,0.79,1.20,4.32,1.09,3.23,4.83,4.39,0.44,9.22,0.49,0.54
8628,0.77,1.79,-1.02,1.20,2.31,-1.11,4.45,3.04,1.41,7.49,0.48,0.53
9364,0.33,-1.89,2.23,2.82,-1.12,3.94,5.56,4.48,1.08,10.04,0.49,0.54
7309,-0.54,0.12,-0.66,-0.65,-0.17,-0.48,6.46,5.77,0.68,12.23,0.57,0.64
6870,0.54,-0.04,0.58,1.33,0.68,0.65,3.48,3.58,-0.10,7.06,0.37,0.39
7062,-0.03,-1.21,1.17,1.30,-0.75,2.05,5.15,4.20,0.95,9.34,0.54,0.60
2428,-0.27,0.03,-0.29,1.29,1.33,-0.04,5.78,4.88,0.90,10.66,0.50,0.54
1087,2.31,0.88,1.43,4.47,2.19,2.27,7.91,5.76,2.15,13.67,0.55,0.62
1878,1.32,0.69,0.63,3.53,1.94,1.59,5.44,4.44,1.00,9.88,0.48,0.53
9364,-0.05,-0.80,0.75,1.22,-0.25,1.47,4.85,4.92,-0.08,9.77,0.56,0.63
42,-0.00,0.37,-0.38,1.11,1.61,-0.50,6.44,5.39,1.05,11.82,0.55,0.62
698,0.88,0.31,0.57,2.18,1.05,1.13,7.19,5.65,1.54,12.85,0.52,0.58
7032,0.91,0.06,0.85,1.61,0.25,1.36,5.49,4.07,1.42,9.56,0.53,0.59
2801,0.86,-0.08,0.94,2.47,-0.17,2.64,6.56,5.81,0.75,12.37,0.52,0.58
3192,-0.16,-0.44,0.27,1.01,-0.17,1.18,4.60,3.75,0.85,8.35,0.42,0.45
4256,1.40,1.32,0.08,1.76,1.27,0.49,4.40,4.07,0.33,8.47,0.44,0.48
7977,0.43,-0.31,0.74,0.44,-0.33,0.78,2.44,2.10,0.35,4.54,0.23,0.23
7887,2.29,-0.80,3.09,4.59,0.65,3.94,4.98,4.21,0.76,9.19,0.48,0.52
971,0.45,-0.55,1.00,2.24,-0.01,2.24,5.78,5.70,0.08,11.49,0.55,0.61
3196,0.72,2.16,-1.44,1.80,4.37,-2.57,6.07,5.93,0.14,12.00,0.55,0.61
406,1.92,0.05,1.87,2.39,-0.11,2.50,5.66,5.05,0.61,10.71,0.50,0.54
7911,1.30,0.25,1.05,2.30,0.33,1.97,7.95,6.17,1.78,14.12,0.64,0.76
7936,1.64,-0.50,2.13,3.16,0.50,2.66,4.91,3.94,0.97,8.85,0.38,0.40
5663,0.40,0.18,0.22,2.16,1.19,0.97,7.76,7.72,0.04,15.49,0.59,0.68
3151,0.04,-1.00,1.05,1.01,-1.26,2.28,8.24,4.76,3.48,13.00,0.56,0.63
8246,0.42,1.00,-0.58,1.25,0.99,0.27,3.76,5.21,-1.45,8.96,0.40,0.43
5467,1.67,0.83,0.84,2.94,1.57,1.37,7.40,6.88,0.51,14.28,0.60,0.70
454,2.26,0.15,2.10,4.10,0.42,3.68,8.91,6.90,2.01,15.81,0.63,0.74
8357,1.32,-0.81,2.13,2.77,-0.17,2.94,5.84,5.34,0.50,11.18,0.50,0.55
8161,2.51,0.24,2.27,3.62,0.57,3.05,5.93,6.15,-0.22,12.07,0.53,0.59
908,1.53,-0.56,2.09,2.52,-0.63,3.15,4.05,3.35,0.70,7.40,0.42,0.45
7316,0.04,0.49,-0.44,1.50,1.75,-0.25,3.82,4.14,-0.32,7.96,0.54,0.61
9331,-1.02,-1.06,0.04,-1.07,-0.31,-0.76,6.22,5.91,0.31,12.12,0.49,0.54
2638,1.17,-0.41,1.58,1.07,-0.75,1.82,5.03,3.94,1.09,8.98,0.43,0.46
4782,0.96,0.63,0.32,1.42,1.40,0.02,7.68,6.84,0.84,14.52,0.64,0.75
4027,1.20,1.20,-0.01,3.36,2.77,0.60,5.18,5.27,-0.08,10.45,0.46,0.50
707,1.23,1.12,0.11,2.21,3.19,-0.98,3.84,4.87,-1.03,8.70,0.40,0.42
3710,2.19,1.00,1.19,2.63,1.61,1.02,8.24,6.71,1.53,14.96,0.53,0.59
336,-0.65,-0.71,0.06,0.47,-0.99,1.46,3.86,4.13,-0.27,7.99,0.46,0.49
2081,0.78,-0.49,1.27,2.23,0.47,1.77,5.18,4.89,0.29,10.07,0.53,0.59
2852,1.49,-0.73,2.22,2.73,-0.45,3.19,7.24,6.02,1.22,13.26,0.51,0.57
5093,0.77,-0.11,0.88,2.47,1.43,1.04,6.30,5.14,1.15,11.44,0.49,0.54
9535,0.68,-1.24,1.91,2.03,-1.54,3.57,7.95,5.85,2.09,13.80,0.61,0.70
1000,0.68,0.09,0.59,1.91,1.18,0.73,4.67,3.87,0.80,8.54,0.51,0.57
5314,1.47,0.88,0.59,2.31,1.05,1.27,3.82,2.70,1.12,6.52,0.35,0.36
4209,-1.13,-0.61,-0.52,-1.28,-0.43,-0.86,4.70,5.16,-0.46,9.86,0.49,0.53
4265,0.43,0.41,0.01,1.24,0.49,0.75,6.34,6.25,0.09,12.59,0.52,0.58
7298,-0.99,-2.21,1.22,-0.05,-1.50,1.44,6.63,6.80,-0.17,13.43,0.63,0.75
9159,0.66,1.22,-0.56,0.49,2.68,-2.20,2.98,2.24,0.74,5.22,0.30,0.31
6935,0.96,0.98,-0.02,1.63,1.57,0.05,6.78,4.81,1.97,11.59,0.57,0.64
5932,1.07,-0.36,1.44,2.33,-0.57,2.91,7.89,7.25,0.64,15.15,0.60,0.70
6630,0.21,1.70,-1.48,0.44,2.24,-1.80,3.51,3.18,0.34,6.69,0.46,0.50
1724,-0.05,-0.96,0.92,0.23,0.09,0.14,7.62,7.41,0.22,15.03,0.65,0.78
3277,1.72,0.08,1.65,2.15,0.48,1.67,6.11,6.64,-0.53,12.75,0.55,0.62
8217,4.04,1.68,2.36,6.06,2.67,3.39,5.12,4.43,0.70,9.55,0.44,0.48
4297,-0.08,-1.30,1.22,1.53,-0.89,2.42,8.66,6.92,1.73,15.58,0.61,0.72
1432,1.15,-0.72,1.87,2.74,0.16,2.57,8.16,6.49,1.68,14.65,0.59,0.67
7200,0.95,0.03,0.92,1.51,0.44,1.07,7.58,5.20,2.38,12.78,0.53,0.59
4931,1.26,0.82,0.44,3.17,2.12,1.05,4.43,3.74,0.70,8.17,0.42,0.45
924,-0.87,-0.24,-0.63,-0.89,-0.12,-0.77,5.57,4.06,1.51,9.63,0.43,0.46
3043,2.10,-0.42,2.52,4.38,0.04,4.34,5.94,4.95,1.00,10.89,0.48,0.53
5773,0.63,0.29,0.34,1.96,0.66,1.30,8.43,7.10,1.33,15.53,0.66,0.79
3174,1.53,0.03,1.50,4.24,2.16,2.08,4.73,3.59,1.14,8.32,0.43,0.46
6459,1.66,-0.37,2.03,3.27,0.32,2.95,4.40,3.13,1.27,7.53,0.36,0.38
3714,1.21,-1.01,2.23,2.88,-0.81,3.69,6.66,6.19,0.47,12.84,0.51,0.57
1788,0.30,-0.67,0.97,1.09,0.32,0.77,3.10,2.97,0.13,6.08,0.34,0.35
7316,3.88,2.41,1.47,5.27,3.37,1.90,8.77,7.44,1.32,16.21,0.70,0.86
8426,0.69,-3.31,4.00,2.07,-3.94,6.01,3.22,2.50,0.72,5.72,0.33,0.34
1232,0.96,-0.39,1.35,2.75,0.10,2.65,4.06,2.99,1.07,7.06,0.32,0.34
1718,0.42,1.17,-0.75,1.91,2.64,-0.73,6.97,7.42,-0.45,14.39,0.63,0.73
1354,1.31,-0.17,1.48,1.98,1.53,0.45,7.56,5.42,2.13,12.98,0.54,0.61
6773,2.06,-0.90,2.96,3.76,-1.15,4.91,5.79,5.07,0.73,10.86,0.48,0.52
3911,0.57,-0.14,0.71,3.06,0.90,2.16,6.37,5.33,1.03,11.70,0.50,0.55
3677,1.48,0.74,0.74,2.34,0.32,2.02,6.46,4.90,1.56,11.36,0.56,0.63
2189,0.98,-0.72,1.70,2.67,0.84,1.82,4.65,3.94,0.71,8.60,0.50,0.55
7281,1.75,2.42,-0.67,2.72,3.01,-0.29,8.89,8.05,0.84,16.93,0.64,0.75
2448,0.10,-1.09,1.20,1.04,-1.09,2.13,5.78,4.47,1.31,10.25,0.46,0.50
9397,2.28,0.86,1.42,3.46,1.01,2.45,5.81,4.79,1.02,10.60,0.40,0.43
4464,1.47,-0.00,1.48,3.13,0.35,2.78,5.71,4.50,1.21,10.21,0.46,0.49
6838,2.34,-0.83,3.17,5.28,-1.29,6.56,5.75,4.96,0.79,10.70,0.55,0.62
6258,-0.11,-0.49,0.38,0.43,0.29,0.13,2.68,5.09,-2.41,7.77,0.36,0.37
6925,1.95,0.91,1.04,3.00,2.03,0.97,7.74,5.44,2.31,13.18,0.61,0.71
5166,1.96,1.01,0.95,2.85,1.09,1.76,7.23,6.67,0.56,13.90,0.56,0.63
6606,-0.55,-1.36,0.81,0.26,-0.90,1.16,5.20,4.10,1.11,9.30,0.48,0.52
5675,2.09,2.09,0.00,3.19,3.03,0.16,8.07,6.77,1.30,14.84,0.67,0.81
1079,0.53,-0.28,0.81,1.97,0.10,1.87,5.13,4.18,0.95,9.31,0.41,0.43
6268,0.07,-0.37,0.44,0.97,-0.24,1.21,3.76,3.74,0.02,7.50,0.44,0.47
7321,1.83,1.03,0.80,3.07,3.11,-0.04,5.47,4.38,1.09,9.85,0.47,0.51
1459,-0.16,-0.44,0.28,1.45,0.31,1.15,4.09,4.16,-0.07,8.24,0.43,0.46
8252,1.49,-0.46,1.96,3.16,0.89,2.27,4.76,4.62,0.14,9.37,0.51,0.56
990,2.08,1.09,1.00,4.49,2.34,2.14,6.56,5.73,0.83,12.29,0.52,0.58
2128,2.14,0.45,1.69,3.73,1.44,2.29,6.39,4.82,1.57,11.21,0.56,0.64
4740,2.49,-0.51,3.00,5.23,0.57,4.66,5.54,3.97,1.57,9.51,0.37,0.38
1161,1.54,0.40,1.14,2.16,0.53,1.64,3.89,3.21,0.67,7.10,0.45,0.48
1648,2.32,2.46,-0.14,4.14,2.99,1.15,4.64,3.92,0.71,8.56,0.44,0.47
7637,1.43,0.48,0.95,3.66,0.93,2.72,5.29,3.73,1.55,9.02,0.48,0.52
3655,2.50,0.94,1.56,4.92,1.61,3.31,8.29,6.94,1.34,15.23,0.65,0.78
5589,-0.72,1.27,-1.99,0.11,2.90,-2.79,4.54,4.05,0.49,8.59,0.44,0.47
934,1.85,0.84,1.01,2.98,1.54,1.45,5.19,4.10,1.08,9.29,0.39,0.41
9705,0.51,-0.59,1.10,1.15,0.14,1.01,4.36,4.20,0.17,8.56,0.38,0.40
3678,1.33,0.84,0.49,2.36,1.70,0.65,6.53,4.70,1.83,11.24,0.58,0.66
2807,0.96,-0.32,1.28,2.07,-0.28,2.36,5.84,5.66,0.18,11.50,0.52,0.57
3492,1.66,-1.77,3.43,3.49,-0.60,4.09,3.85,3.66,0.20,7.51,0.50,0.55
630,3.12,1.55,1.57,4.30,1.65,2.64,5.67,4.25,1.41,9.92,0.40,0.43
3875,2.12,1.45,0.67,3.57,2.33,1.25,5.36,4.82,0.54,10.18,0.50,0.55
2989,1.82,0.03,1.78,4.58,1.33,3.26,8.51,7.14,1.37,15.65,0.67,0.82
9803,1.04,-0.62,1.66,2.39,-0.11,2.50,4.79,3.03,1.76,7.81,0.36,0.37
6490,0.71,0.29,0.42,1.08,0.54,0.54,5.21,6.86,-1.66,12.07,0.51,0.56
4654,2.51,1.34,1.18,3.33,1.56,1.77,4.78,4.40,0.38,9.18,0.46,0.50
4549,-1.28,-2.82,1.54,-0.20,-2.69,2.49,8.09,8.27,-0.18,16.36,0.66,0.80
4716,1.67,0.27,1.40,3.65,2.08,1.57,6.65,5.65,1.00,12.30,0.55,0.62
3874,2.24,0.78,1.46,3.05,1.18,1.87,4.66,4.37,0.30,9.03,0.41,0.43
9115,2.38,-0.55,2.93,3.48,-0.69,4.17,6.27,4.68,1.59,10.94,0.46,0.49
4205,1.52,-1.31,2.83,2.92,-2.01,4.93,6.59,4.67,1.92,11.26,0.55,0.62
2195,0.74,-0.94,1.69,1.65,0.44,1.21,4.41,3.97,0.45,8.38,0.44,0.47
8301,1.41,0.48,0.92,2.55,1.65,0.90,7.11,6.14,0.97,13.25,0.60,0.69
2964,0.99,1.11,-0.12,1.65,1.25,0.40,4.21,3.85,0.35,8.06,0.35,0.37
9483,1.14,-0.11,1.25,3.24,0.72,2.52,6.87,5.69,1.19,12.56,0.61,0.71
8794,0.57,-0.53,1.10,1.82,-0.09,1.92,4.76,4.30,0.46,9.05,0.51,0.56
7704,0.15,-0.91,1.05,0.92,-0.58,1.49,6.27,5.03,1.24,11.30,0.47,0.51
8691,0.19,-0.82,1.01,2.22,-0.03,2.24,7.41,7.20,0.21,14.61,0.62,0.72
4239,-0.98,-1.08,0.10,-0.32,-0.76,0.44,5.61,4.28,1.32,9.89,0.57,0.65
8157,1.78,0.63,1.15,2.60,0.64,1.96,7.41,6.81,0.61,14.22,0.59,0.67
5018,0.10,-1.66,1.76,1.30,-1.26,2.57,4.62,3.34,1.29,7.96,0.42,0.45
3148,0.91,-0.85,1.75,2.01,-0.93,2.94,8.31,7.42,0.89,15.74,0.66,0.79
5976,1.67,-0.49,2.17,3.41,0.97,2.44,6.16,5.18,0.98,11.35,0.49,0.54
9521,2.59,0.49,2.10,3.39,0.41,2.98,6.94,5.28,1.66,12.22,0.54,0.61
1862,1.21,-1.60,2.81,2.39,-2.73,5.12,7.67,5.55,2.12,13.22,0.53,0.59
2375,2.18,2.23,-0.05,3.34,3.04,0.30,3.66,3.13,0.53,6.79,0.32,0.33
730,0.43,-0.14,0.56,1.44,-0.53,1.96,5.95,3.95,2.00,9.90,0.49,0.54
9718,1.85,0.42,1.42,2.84,0.95,1.89,5.91,4.91,1.00,10.82,0.50,0.54
2929,1.33,0.43,0.90,2.94,1.80,1.14,3.06,2.92,0.14,5.98,0.40,0.43
6352,-0.43,-0.12,-0.31,0.65,-0.55,1.19,5.15,4.42,0.73,9.57,0.45,0.49
7687,1.87,0.08,1.79,3.26,0.60,2.67,3.72,4.07,-0.35,7.79,0.40,0.43
7990,0.09,-1.47,1.56,1.01,-1.21,2.22,4.95,3.72,1.23,8.68,0.53,0.59
2246,-0.01,-1.51,1.49,0.43,-1.11,1.53,7.02,6.32,0.70,13.35,0.56,0.63
7493,2.04,0.48,1.57,4.66,1.15,3.50,3.81,2.36,1.46,6.17,0.35,0.37
9624,1.27,0.00,1.26,3.23,0.52,2.70,5.46,5.05,0.41,10.51,0.49,0.54
7214,0.30,0.02,0.28,1.31,0.93,0.39,4.65,4.31,0.34,8.95,0.44,0.47
8498,2.44,0.02,2.42,4.44,1.56,2.88,6.96,4.72,2.25,11.68,0.47,0.51
3733,1.78,1.60,0.18,3.33,2.69,0.65,5.11,3.59,1.52,8.70,0.40,0.42
9239,1.65,1.15,0.50,2.04,1.63,0.42,5.19,4.17,1.02,9.36,0.53,0.59
4545,1.90,1.28,0.63,3.95,2.95,1.00,8.48,7.18,1.30,15.66,0.66,0.80
5983,0.43,-0.48,0.91,1.25,-0.18,1.43,5.47,3.96,1.51,9.43,0.49,0.54
4038,-0.70,-0.74,0.05,0.86,-0.78,1.63,4.47,2.94,1.53,7.40,0.40,0.42
8531,0.27,-0.77,1.04,1.07,-0.31,1.38,3.64,2.75,0.89,6.39,0.32,0.33
6837,0.74,-0.68,1.42,3.37,0.07,3.30,8.78,7.21,1.58,15.99,0.63,0.75
2979,1.83,0.30,1.53,3.60,1.53,2.07,6.16,4.99,1.17,11.14,0.41,0.43
9008,-0.28,-2.32,2.04,1.09,-2.48,3.56,4.04,3.75,0.29,7.79,0.47,0.51
8070,0.26,-1.11,1.37,1.17,-1.83,3.00,4.73,3.62,1.11,8.35,0.38,0.40
2896,2.49,0.96,1.53,4.51,2.31,2.20,8.27,5.86,2.41,14.14,0.54,0.60
4435,1.31,0.28,1.02,2.68,1.17,1.51,6.57,5.15,1.42,11.72,0.55,0.61
7978,0.21,-1.78,1.99,0.92,-1.70,2.62,3.09,2.61,0.49,5.70,0.33,0.34
7711,0.78,-0.27,1.05,2.21,-0.04,2.25,4.60,3.17,1.43,7.77,0.42,0.45
6812,1.31,1.35,-0.04,2.56,2.64,-0.07,8.90,6.65,2.24,15.55,0.60,0.69
7723,1.44,0.62,0.83,2.82,0.77,2.05,7.11,5.92,1.20,13.03,0.53,0.58
8168,1.36,-0.00,1.36,3.40,0.37,3.03,10.13,8.82,1.31,18.95,0.68,0.82
1351,1.23,-0.66,1.89,2.38,-0.25,2.63,5.35,5.69,-0.34,11.04,0.54,0.60
5527,0.82,-0.00,0.82,2.82,1.03,1.79,7.64,7.53,0.11,15.16,0.70,0.86
3269,2.29,0.30,1.99,3.20,0.68,2.51,5.65,4.24,1.41,9.88,0.42,0.45
1200,0.94,0.60,0.35,2.07,1.54,0.53,5.89,5.57,0.32,11.46,0.50,0.56
3499,2.50,1.93,0.57,4.10,2.39,1.71,5.56,4.71,0.85,10.27,0.40,0.42
3690,1.98,0.83,1.15,5.11,2.39,2.72,5.91,5.64,0.27,11.56,0.59,0.67
2224,1.58,0.61,0.96,3.10,0.99,2.11,9.46,8.68,0.77,18.14,0.71,0.88
547,0.87,-0.49,1.36,1.99,-0.37,2.35,5.41,4.01,1.41,9.42,0.45,0.48
6552,1.24,-0.66,1.90,4.11,0.14,3.97,8.22,6.27,1.95,14.49,0.61,0.71
8994,1.87,0.89,0.98,3.35,2.93,0.42,4.45,3.11,1.35,7.56,0.35,0.37
4712,2.13,0.52,1.62,3.34,1.30,2.04,4.71,4.67,0.04,9.38,0.52,0.58
325,1.68,0.33,1.35,2.40,1.80,0.60,5.27,3.60,1.67,8.87,0.42,0.45
1186,-2.54,1.47,-4.01,-2.38,3.66,-6.03,5.61,6.73,-1.12,12.34,0.49,0.54
4850,0.72,-1.23,1.96,0.88,-0.20,1.09,5.88,4.59,1.29,10.47,0.47,0.51
759,1.47,1.05,0.42,2.25,1.59,0.66,8.47,6.99,1.48,15.46,0.62,0.72
462,0.04,-0.74,0.78,1.11,-1.31,2.42,7.24,5.47,1.78,12.71,0.52,0.58
9397,1.84,1.03,0.81,3.37,1.08,2.30,8.43,7.01,1.43,15.44,0.58,0.66
3928,3.10,0.68,2.42,4.33,1.21,3.12,8.10,6.54,1.56,14.64,0.58,0.66
3997,-1.02,-0.56,-0.46,0.35,-0.45,0.80,4.16,3.35,0.81,7.50,0.43,0.46
7790,0.32,-0.64,0.96,1.16,-0.23,1.40,9.83,8.68,1.16,18.51,0.73,0.93
4669,1.34,1.23,0.11,1.93,2.23,-0.30,4.54,3.73,0.81,8.27,0.50,0.55
3417,0.13,-0.27,0.40,1.85,1.21,0.64,4.73,4.29,0.44,9.03,0.43,0.46
3711,1.36,1.24,0.12,1.24,1.82,-0.57,7.63,7.10,0.53,14.72,0.62,0.73
9628,-0.24,0.40,-0.64,0.59,1.16,-0.58,5.55,4.18,1.38,9.73,0.44,0.48
5901,0.41,0.14,0.27,0.27,1.21,-0.95,4.74,7.09,-2.35,11.83,0.42,0.44
2345,1.07,-0.11,1.18,2.67,-0.15,2.81,6.50,6.21,0.29,12.71,0.54,0.60
3199,-0.27,-0.55,0.28,0.84,0.87,-0.04,4.78,3.31,1.47,8.08,0.47,0.51
7189,0.98,-0.76,1.74,2.24,-0.07,2.31,3.31,2.02,1.29,5.33,0.25,0.25
3637,0.50,1.20,-0.69,2.22,2.36,-0.13,4.65,4.76,-0.11,9.41,0.53,0.59
7174,-0.75,0.31,-1.06,0.44,1.39,-0.95,4.94,5.23,-0.29,10.17,0.48,0.52
1136,2.06,0.18,1.87,4.28,1.25,3.03,7.11,5.10,2.02,12.21,0.58,0.66
8116,1.10,1.00,0.10,2.64,3.10,-0.46,4.16,4.02,0.14,8.19,0.48,0.52
7615,0.87,-0.19,1.06,1.61,0.43,1.19,5.34,4.45,0.89,9.80,0.45,0.48
7528,2.54,-0.52,3.06,5.06,0.32,4.74,7.69,7.43,0.25,15.12,0.67,0.80
744,1.34,0.06,1.28,2.45,0.35,2.10,3.80,2.40,1.39,6.20,0.28,0.29
9909,1.28,-0.17,1.44,3.73,1.20,2.53,10.15,7.62,2.54,17.77,0.71,0.89
1478,2.46,1.01,1.45,4.39,1.46,2.93,5.82,4.99,0.83,10.80,0.53,0.59
5498,3.47,0.96,2.51,4.56,1.96,2.61,7.22,5.24,1.98,12.47,0.55,0.62
8427,0.63,-0.99,1.62,0.86,-0.22,1.08,6.40,4.78,1.62,11.18,0.54,0.61
6140,2.08,-1.30,3.39,4.21,0.01,4.20,6.39,5.58,0.81,11.97,0.48,0.52
5250,0.63,-1.71,2.34,2.28,-2.23,4.51,4.75,4.36,0.39,9.11,0.39,0.41
8071,0.38,-0.33,0.72,1.30,0.07,1.23,6.43,4.18,2.25,10.62,0.55,0.61
567,-1.28,-0.39,-0.89,0.22,0.21,0.00,5.67,4.60,1.07,10.27,0.53,0.60
7974,1.57,-0.98,2.55,3.27,-0.39,3.66,6.67,6.25,0.42,12.92,0.47,0.51
9800,0.41,-0.54,0.95,2.30,0.09,2.20,6.59,5.14,1.46,11.73,0.55,0.62
9965,1.91,2.28,-0.37,3.04,3.70,-0.66,7.48,8.27,-0.79,15.75,0.66,0.80
5158,-0.55,-1.39,0.84,0.49,0.16,0.33,4.87,3.52,1.35,8.39,0.37,0.38
8711,2.66,-0.13,2.79,3.96,0.04,3.92,6.32,4.72,1.60,11.04,0.39,0.41
5675,1.62,0.23,1.39,3.77,0.89,2.88,4.48,3.09,1.39,7.57,0.37,0.39
1357,0.89,0.16,0.73,2.62,1.45,1.17,2.81,2.49,0.32,5.31,0.30,0.30
9342,-0.85,1.43,-2.28,0.03,2.45,-2.42,5.28,5.61,-0.33,10.89,0.42,0.45
1948,3.48,1.93,1.55,5.28,3.16,2.12,7.16,5.78,1.38,12.95,0.51,0.57
4988,2.51,-0.23,2.74,4.14,0.49,3.66,5.95,4.28,1.68,10.23,0.45,0.49
5361,0.77,-1.52,2.29,1.91,-1.64,3.55,5.72,4.73,0.99,10.45,0.41,0.44
1273,1.00,0.79,0.21,1.18,1.28,-0.10,5.19,5.19,-0.00,10.38,0.52,0.58
918,1.57,0.78,0.79,2.59,0.92,1.67,3.31,2.94,0.37,6.25,0.39,0.41
9237,2.18,-0.59,2.77,3.17,-0.64,3.81,9.01,6.90,2.11,15.91,0.60,0.70
1787,0.31,0.18,0.13,1.40,1.02,0.38,5.25,4.37,0.88,9.62,0.49,0.53
8451,0.04,-0.55,0.60,2.50,1.16,1.34,4.48,3.39,1.09,7.88,0.41,0.44
3676,1.83,-0.69,2.52,4.05,-0.31,4.36,6.23,5.89,0.33,12.12,0.60,0.70
9547,0.59,0.16,0.42,1.51,1.05,0.45,7.01,7.28,-0.28,14.29,0.66,0.79
1932,2.19,0.38,1.81,3.90,1.98,1.92,5.61,4.34,1.27,9.94,0.53,0.60
1599,1.36,2.39,-1.03,1.69,2.99,-1.29,4.39,4.13,0.26,8.51,0.43,0.46
2823,0.22,-1.30,1.52,0.87,-0.45,1.33,5.91,5.61,0.31,11.52,0.54,0.60
6540,1.06,-1.26,2.32,2.76,-1.44,4.20,5.02,4.25,0.77,9.28,0.38,0.40
5451,1.27,0.17,1.10,2.56,0.31,2.25,3.05,2.16,0.89,5.22,0.35,0.36
2557,-0.83,-2.35,1.52,0.79,-1.81,2.60,3.49,2.06,1.43,5.55,0.31,0.32
1012,1.01,-0.20,1.21,2.46,0.23,2.23,5.40,4.83,0.57,10.23,0.52,0.58
9655,2.06,0.81,1.25,5.00,2.19,2.81,6.66,5.61,1.05,12.28,0.52,0.58
4815,1.27,0.17,1.11,3.21,1.25,1.96,5.61,5.73,-0.12,11.33,0.40,0.42
4124,2.13,1.41,0.72,3.65,2.32,1.33,6.49,4.76,1.73,11.24,0.53,0.59
2675,1.29,-1.64,2.93,2.57,-1.63,4.20,6.83,5.50,1.32,12.33,0.45,0.48
3939,0.83,-0.20,1.03,1.77,-0.16,1.92,4.46,3.05,1.42,7.51,0.40,0.42
6523,0.98,0.11,0.87,2.67,1.23,1.45,7.40,5.12,2.29,12.52,0.59,0.67
7543,0.80,-0.17,0.97,2.43,-0.41,2.83,8.30,7.90,0.39,16.20,0.72,0.91
8123,1.20,2.10,-0.90,2.09,3.44,-1.36,3.81,4.03,-0.22,7.84,0.47,0.51
9979,0.74,-0.34,1.08,2.85,0.92,1.93,7.18,5.60,1.58,12.78,0.57,0.65
7537,-0.22,-1.13,0.91,1.18,-0.38,1.56,6.75,6.37,0.37,13.12,0.50,0.54
8893,-0.12,-1.35,1.23,0.67,-0.87,1.54,7.54,7.07,0.48,14.61,0.63,0.75
960,0.84,1.13,-0.29,2.36,1.92,0.44,5.31,3.97,1.34,9.28,0.44,0.48
9468,2.12,0.58,1.54,4.26,2.77,1.49,5.98,4.70,1.29,10.68,0.50,0.55
1862,0.32,-0.72,1.04,1.83,0.28,1.55,5.43,4.92,0.51,10.35,0.46,0.50
5121,-0.61,-0.41,-0.20,-0.69,-0.29,-0.39,6.35,4.66,1.69,11.01,0.47,0.51
9269,0.90,-1.99,2.89,2.47,-1.67,4.14,5.93,6.98,-1.05,12.92,0.53,0.58
1901,0.94,-0.08,1.02,2.20,2.14,0.06,5.50,4.63,0.87,10.13,0.52,0.57
764,1.79,0.54,1.25,3.49,0.42,3.07,4.98,3.84,1.14,8.82,0.47,0.51
210,2.44,0.14,2.30,3.20,0.81,2.39,5.20,4.02,1.18,9.22,0.51,0.56
8619,0.37,-0.96,1.33,2.14,-0.22,2.36,6.22,5.17,1.05,11.39,0.54,0.60
4693,2.71,1.93,0.78,4.42,2.77,1.65,5.50,4.48,1.02,9.98,0.46,0.50
4662,1.97,0.57,1.40,4.48,1.82,2.66,8.06,6.46,1.60,14.53,0.65,0.78
8998,2.06,1.36,0.70,3.21,2.42,0.79,6.59,5.24,1.35,11.83,0.54,0.60
7321,1.52,-0.17,1.69,4.02,0.84,3.17,6.16,5.30,0.86,11.47,0.52,0.57
3430,2.75,0.51,2.24,4.67,1.20,3.47,5.39,4.28,1.11,9.68,0.48,0.52
583,0.80,0.27,0.52,1.79,0.94,0.85,4.79,3.54,1.26,8.33,0.39,0.41
8528,0.13,-1.07,1.21,1.19,-0.46,1.66,3.71,3.11,0.60,6.83,0.35,0.37
692,1.66,0.29,1.37,3.54,1.55,1.99,5.01,3.29,1.72,8.30,0.46,0.50
5489,2.67,-0.97,3.64,4.22,-0.93,5.15,5.25,4.84,0.41,10.09,0.40,0.42
1244,3.24,0.49,2.74,5.19,0.76,4.43,6.54,5.25,1.29,11.80,0.52,0.57
6821,1.34,2.79,-1.44,1.74,4.62,-2.88,3.84,3.50,0.34,7.34,0.39,0.41
6880,-0.07,-1.26,1.19,1.13,-0.62,1.75,4.27,3.26,1.01,7.54,0.44,0.48
5197,0.19,1.31,-1.11,1.43,2.24,-0.81,3.97,4.12,-0.14,8.09,0.44,0.47
2400,0.76,-0.15,0.92,0.66,0.06,0.59,3.99,3.30,0.69,7.28,0.36,0.37
7613,1.41,0.65,0.76,1.68,1.00,0.68,4.56,2.87,1.69,7.44,0.41,0.44
1413,1.73,-1.06,2.78,3.31,-0.06,3.37,5.26,3.34,1.93,8.60,0.45,0.48
8745,-0.29,0.97,-1.25,1.49,2.67,-1.18,4.55,4.88,-0.33,9.43,0.56,0.63
3002,1.31,-0.16,1.47,2.93,0.05,2.88,4.45,3.45,1.00,7.90,0.37,0.39
5163,1.49,-1.03,2.51,2.07,-1.35,3.42,5.40,4.03,1.36,9.43,0.41,0.43
5940,0.72,0.06,0.66,1.20,-0.60,1.80,6.53,5.47,1.07,12.00,0.53,0.60
1890,1.26,1.27,-0.01,3.27,3.15,0.12,7.05,7.02,0.03,14.07,0.61,0.71
3781,2.50,-0.80,3.30,3.65,-0.54,4.19,5.04,3.96,1.08,8.99,0.49,0.54
449,1.19,0.82,0.38,2.39,1.35,1.05,5.89,4.77,1.12,10.66,0.49,0.54
5726,1.51,0.71,0.80,3.00,2.40,0.60,7.80,6.39,1.41,14.19,0.62,0.73
9926,0.05,-0.35,0.40,1.25,0.73,0.52,5.54,4.79,0.75,10.34,0.56,0.64
3085,3.73,0.76,2.97,5.71,1.82,3.90,8.57,7.11,1.45,15.68,0.60,0.69
9263,-0.46,0.05,-0.50,-0.10,0.54,-0.64,3.91,2.66,1.25,6.57,0.38,0.40
1386,1.63,0.34,1.28,2.59,0.86,1.73,4.31,3.77,0.54,8.08,0.51,0.57
9429,2.33,0.65,1.68,5.35,2.17,3.18,6.35,5.40,0.94,11.75,0.52,0.58
5269,2.49,1.24,1.25,4.09,1.07,3.03,5.26,3.56,1.70,8.83,0.45,0.49
9853,1.60,0.63,0.97,2.92,1.50,1.43,4.32,2.88,1.43,7.20,0.39,0.42
8284,-0.80,-1.69,0.89,-0.42,-1.44,1.02,6.13,4.83,1.30,10.96,0.43,0.46
7285,2.72,2.37,0.35,4.96,3.49,1.47,6.01,5.21,0.80,11.22,0.58,0.66
5652,0.55,-1.69,2.24,1.69,-1.73,3.42,4.49,4.32,0.17,8.81,0.39,0.41
7793,2.70,2.53,0.17,3.68,2.89,0.79,9.48,8.01,1.47,17.49,0.63,0.74
2909,2.34,1.08,1.26,2.89,1.64,1.25,6.42,4.91,1.51,11.33,0.46,0.50
4732,0.34,-0.87,1.21,1.12,-0.10,1.22,4.26,4.86,-0.60,9.12,0.45,0.48
1055,-1.42,-0.61,-0.81,-0.44,-0.22,-0.22,2.63,1.74,0.89,4.38,0.26,0.27
7685,-0.19,0.76,-0.95,-0.10,1.19,-1.29,4.09,3.64,0.46,7.73,0.41,0.44
5975,2.09,1.66,0.43,3.71,2.60,1.11,4.79,5.09,-0.30,9.88,0.43,0.46
1050,-0.56,0.39,-0.95,1.01,1.61,-0.60,6.06,6.12,-0.06,12.19,0.57,0.65
6931,-0.85,-0.01,-0.85,-0.56,-0.10,-0.45,5.82,8.24,-2.42,14.06,0.61,0.72
5572,3.83,1.43,2.40,5.26,3.19,2.07,7.36,5.49,1.87,12.85,0.46,0.50
3606,2.13,0.22,1.91,3.56,2.05,1.51,6.46,6.72,-0.26,13.18,0.57,0.65
5400,1.85,0.38,1.47,4.96,1.77,3.19,7.28,6.78,0.50,14.06,0.61,0.70
8940,1.11,-1.44,2.55,2.67,-0.58,3.25,5.29,4.79,0.49,10.08,0.47,0.51
1612,0.50,0.81,-0.32,2.34,2.12,0.21,3.58,3.88,-0.30,7.46,0.47,0.51
9133,-0.20,1.16,-1.36,0.52,2.64,-2.11,5.80,5.97,-0.17,11.77,0.54,0.61
8965,0.45,-2.55,3.00,2.44,-2.18,4.62,7.01,5.30,1.71,12.31,0.54,0.60
2917,0.06,-1.89,1.95,1.48,-0.41,1.89,5.59,5.58,0.01,11.17,0.46,0.50
6743,1.18,0.19,1.00,2.72,1.43,1.29,3.98,4.23,-0.25,8.21,0.46,0.50
2949,1.03,-1.05,2.08,1.32,-0.99,2.31,4.52,3.65,0.87,8.17,0.41,0.44
2994,0.99,-1.82,2.82,1.65,-0.60,2.25,9.63,9.27,0.36,18.91,0.64,0.75
3004,1.17,-0.06,1.23,2.67,1.15,1.52,7.91,8.29,-0.37,16.20,0.69,0.85
6898,2.81,0.77,2.04,4.55,1.68,2.86,4.66,3.57,1.09,8.22,0.44,0.47
6777,0.61,-0.02,0.64,1.86,0.86,1.00,4.61,4.24,0.37,8.84,0.46,0.50
5757,-1.80,-1.66,-0.14,-1.48,-1.45,-0.03,7.46,5.80,1.66,13.27,0.57,0.64
7742,0.88,-0.99,1.86,1.99,-1.14,3.13,6.22,6.33,-0.11,12.56,0.61,0.70
4119,1.62,-0.30,1.92,3.58,-0.12,3.69,5.15,4.81,0.34,9.96,0.53,0.59
1520,-0.64,-0.70,0.07,0.73,-0.01,0.73,6.50,5.23,1.28,11.73,0.47,0.51
4913,0.78,0.04,0.74,2.07,0.01,2.06,7.33,7.05,0.27,14.38,0.60,0.70
5849,2.27,0.33,1.94,4.10,2.04,2.06,3.84,3.84,0.00,7.69,0.44,0.48
4739,-0.13,-0.64,0.51,1.06,-0.62,1.68,7.06,4.94,2.12,12.00,0.53,0.59
5828,3.27,2.16,1.11,4.79,3.73,1.07,5.32,4.26,1.06,9.58,0.45,0.48
8543,1.30,2.52,-1.22,2.87,4.15,-1.27,8.57,7.45,1.11,16.02,0.64,0.76
1353,2.50,-1.43,3.92,3.08,-1.51,4.59,3.43,3.44,-0.01,6.86,0.42,0.45
4369,1.77,-1.24,3.01,3.41,-1.28,4.69,4.79,3.43,1.36,8.22,0.36,0.37
8666,3.14,2.15,0.99,4.66,2.28,2.37,4.73,3.49,1.23,8.22,0.48,0.53
2803,-0.43,-0.51,0.09,0.36,-0.63,0.99,3.73,3.19,0.54,6.93,0.41,0.43
3816,0.97,-0.08,1.05,3.21,0.57,2.64,7.45,6.52,0.93,13.98,0.66,0.79
402,1.95,0.03,1.91,3.93,0.85,3.08,5.23,5.76,-0.53,10.99,0.52,0.57
6399,0.60,-1.12,1.72,1.21,-1.27,2.48,5.60,3.73,1.87,9.33,0.49,0.54
3582,0.78,-1.83,2.60,1.73,-0.89,2.61,4.57,5.84,-1.26,10.41,0.45,0.49
3103,1.48,0.58,0.90,3.37,1.77,1.60,6.39,5.76,0.63,12.16,0.57,0.65
3181,2.14,0.46,1.67,2.76,1.87,0.89,4.68,4.87,-0.20,9.55,0.39,0.41
3873,0.30,0.08,0.22,1.96,0.54,1.42,4.43,4.15,0.27,8.58,0.50,0.55
5150,0.18,-0.42,0.59,2.23,0.26,1.97,5.78,4.42,1.35,10.20,0.46,0.49
4830,1.67,-0.27,1.94,3.76,0.83,2.93,6.03,5.63,0.40,11.66,0.52,0.57
187,2.22,-0.37,2.58,3.37,0.15,3.22,6.15,3.17,2.97,9.32,0.39,0.41
1104,1.11,0.20,0.91,2.85,-0.02,2.88,7.01,4.82,2.19,11.83,0.53,0.59
1373,0.27,-1.24,1.51,1.96,-0.75,2.71,5.51,4.13,1.38,9.63,0.50,0.55
5873,1.70,-0.70,2.39,2.12,-0.79,2.92,8.54,6.84,1.70,15.38,0.66,0.79
7624,0.94,-0.26,1.20,2.85,1.06,1.79,4.50,3.63,0.87,8.12,0.46,0.50
6386,1.29,-0.85,2.14,3.51,0.34,3.17,7.42,5.31,2.11,12.74,0.54,0.60
3041,-0.49,-1.24,0.76,0.26,-1.13,1.39,4.22,2.97,1.25,7.20,0.37,0.38
4277,0.71,0.79,-0.08,2.39,1.46,0.93,5.26,3.73,1.54,8.99,0.52,0.58
5042,0.84,0.18,0.66,2.18,0.44,1.74,7.78,8.19,-0.41,15.97,0.61,0.71
1428,4.06,-0.13,4.19,5.94,0.97,4.97,4.97,3.82,1.15,8.80,0.46,0.50
5112,1.16,0.30,0.85,2.64,1.71,0.94,5.06,3.95,1.11,9.00,0.51,0.57
9687,1.52,-0.10,1.61,2.50,0.39,2.11,11.00,8.98,2.02,19.98,0.73,0.92
9496,1.40,0.54,0.86,2.61,1.57,1.04,3.71,2.62,1.08,6.33,0.46,0.50
3599,2.19,1.27,0.92,4.13,2.08,2.06,4.29,3.16,1.13,7.44,0.39,0.41
7584,1.35,-0.23,1.58,2.92,0.02,2.91,5.21,4.10,1.11,9.31,0.43,0.46
4100,1.69,-0.56,2.25,3.72,-0.46,4.18,7.12,5.99,1.14,13.11,0.51,0.56
6905,0.73,-0.69,1.43,3.09,0.39,2.70,8.01,7.98,0.03,15.98,0.66,0.79
3245,2.12,0.50,1.62,3.98,2.38,1.60,5.43,3.35,2.08,8.78,0.44,0.47
8661,-0.70,-0.28,-0.42,0.34,0.60,-0.25,6.49,6.26,0.23,12.75,0.52,0.57
7031,-0.00,1.30,-1.31,1.59,2.91,-1.32,4.58,5.72,-1.13,10.30,0.45,0.49
5246,1.89,-0.10,1.99,3.00,0.56,2.44,7.41,4.98,2.43,12.40,0.46,0.49
7945,0.38,-0.81,1.19,1.23,-0.50,1.72,5.29,4.93,0.36,10.23,0.42,0.44
7803,1.93,0.96,0.96,5.18,2.15,3.02,7.33,6.59,0.75,13.92,0.61,0.71
3179,0.58,0.62,-0.04,1.26,0.80,0.46,5.36,3.37,1.99,8.73,0.43,0.46
9089,1.45,-2.22,3.67,3.37,-1.92,5.30,3.49,3.74,-0.25,7.23,0.43,0.46
9532,1.11,2.13,-1.02,2.71,3.00,-0.29,7.18,8.38,-1.20,15.56,0.55,0.61
4873,0.91,0.21,0.69,1.99,-0.51,2.50,7.71,7.87,-0.17,15.58,0.59,0.68
1732,1.21,0.23,0.98,1.62,0.53,1.09,7.06,5.27,1.79,12.34,0.46,0.50
9629,2.53,-0.21,2.74,3.99,0.42,3.57,5.17,3.97,1.20,9.14,0.39,0.41
6608,-1.02,-1.21,0.20,-0.01,-0.52,0.50,5.52,4.55,0.97,10.07,0.54,0.61
1397,0.06,-2.30,2.37,0.88,-2.30,3.17,5.20,4.72,0.48,9.91,0.44,0.47
6046,1.22,-0.96,2.18,2.67,-0.32,2.99,4.96,4.42,0.54,9.38,0.47,0.51
8477,1.42,-0.15,1.57,2.84,0.27,2.58,5.83,4.48,1.35,10.32,0.41,0.44
4990,1.78,0.56,1.23,3.67,1.23,2.44,5.43,5.13,0.30,10.56,0.53,0.59
500,-0.65,-1.13,0.48,1.73,-0.89,2.62,6.10,5.58,0.52,11.68,0.55,0.61
5466,0.66,-0.90,1.56,2.45,-0.59,3.05,5.23,4.44,0.79,9.67,0.47,0.51
778,3.63,0.47,3.17,5.34,1.47,3.87,5.40,4.87,0.53,10.28,0.48,0.52
2043,1.75,-0.52,2.26,3.10,0.53,2.58,6.31,4.12,2.19,10.43,0.46,0.49
1285,2.91,0.77,2.14,4.43,1.40,3.03,9.81,7.62,2.19,17.43,0.60,0.69
1772,1.10,0.61,0.49,3.00,0.88,2.12,4.38,3.63,0.75,8.01,0.45,0.48
9839,2.15,0.56,1.59,3.24,0.04,3.19,4.67,3.29,1.38,7.95,0.37,0.39
4423,0.12,-0.28,0.41,1.27,0.51,0.76,4.84,4.37,0.47,9.21,0.43,0.46
6738,2.72,1.52,1.20,4.07,1.71,2.37,3.53,3.23,0.30,6.75,0.33,0.34
2407,0.05,0.08,-0.03,0.83,0.34,0.49,5.91,4.83,1.08,10.74,0.55,0.61
9000,1.06,-0.53,1.59,3.19,0.22,2.97,5.22,3.83,1.39,9.05,0.48,0.52
8952,0.81,-0.53,1.34,0.75,0.31,0.44,5.14,5.32,-0.17,10.46,0.54,0.60
3212,2.22,0.87,1.35,4.76,1.70,3.06,5.37,5.29,0.08,10.66,0.50,0.55
2781,1.48,0.99,0.49,4.07,2.16,1.91,8.30,6.52,1.78,14.82,0.63,0.74
1844,1.91,2.48,-0.58,3.50,4.50,-0.99,4.67,5.48,-0.81,10.14,0.49,0.54
2962,-0.00,-1.37,1.37,1.17,-1.37,2.54,4.76,3.40,1.36,8.16,0.44,0.47
4691,2.96,-0.30,3.26,5.04,2.20,2.83,5.34,4.66,0.68,10.00,0.49,0.53
4742,2.96,1.49,1.48,3.75,1.00,2.74,4.07,3.96,0.11,8.03,0.43,0.46
6910,2.70,1.66,1.04,4.31,2.86,1.45,7.79,7.00,0.79,14.79,0.55,0.62
7228,0.68,-1.69,2.37,2.10,-1.37,3.46,3.90,3.19,0.71,7.10,0.38,0.40
3252,2.67,0.14,2.53,4.60,1.23,3.36,4.73,2.47,2.27,7.20,0.35,0.37
3964,-0.32,2.79,-3.11,0.80,4.91,-4.11,5.04,4.54,0.50,9.59,0.43,0.46
3173,1.79,0.05,1.74,3.50,1.41,2.09,4.59,3.01,1.58,7.60,0.35,0.36
8011,0.72,0.72,0.00,1.00,1.12,-0.12,6.36,5.86,0.50,12.23,0.57,0.65
2682,0.91,0.91,-0.00,1.86,1.38,0.49,4.79,4.65,0.14,9.44,0.47,0.51
8252,-1.02,-0.98,-0.04,-0.85,-1.59,0.74,5.36,5.32,0.04,10.68,0.49,0.54
9575,2.83,0.22,2.61,4.55,0.83,3.71,7.30,5.92,1.39,13.22,0.58,0.67
6557,0.34,1.37,-1.03,1.47,3.43,-1.97,8.08,7.65,0.43,15.73,0.62,0.73
4345,0.62,-0.81,1.43,2.68,0.43,2.25,7.51,8.03,-0.52,15.54,0.66,0.79
1047,1.24,0.91,0.32,2.24,0.96,1.28,4.30,3.84,0.46,8.14,0.39,0.41
4950,1.77,1.46,0.31,3.63,2.83,0.80,5.55,5.13,0.42,10.68,0.46,0.49
4155,1.92,1.01,0.91,3.57,1.99,1.58,3.87,3.14,0.72,7.01,0.44,0.48
697,0.62,-0.06,0.68,2.51,1.16,1.34,4.18,2.79,1.39,6.97,0.45,0.48
6901,0.72,-1.44,2.15,1.39,-1.25,2.64,6.77,5.48,1.29,12.25,0.53,0.60
1702,2.60,0.54,2.06,5.15,1.07,4.08,4.64,3.78,0.86,8.42,0.46,0.50
9920,0.82,1.34,-0.52,2.17,2.35,-0.18,4.29,4.32,-0.03,8.61,0.53,0.59
6951,1.12,0.86,0.26,2.15,1.00,1.15,4.42,5.00,-0.58,9.42,0.47,0.51
9609,0.25,-0.33,0.59,0.74,0.07,0.68,4.71,3.65,1.06,8.35,0.40,0.42
5500,2.87,1.70,1.17,3.79,2.68,1.11,5.26,3.81,1.45,9.08,0.32,0.33
7492,3.16,0.86,2.30,5.41,1.00,4.42,6.14,4.94,1.20,11.09,0.43,0.46
9720,1.31,-1.22,2.53,2.72,-0.67,3.39,8.26,8.02,0.24,16.29,0.58,0.66
7516,-0.30,-0.87,0.57,0.34,-0.73,1.06,6.60,7.49,-0.90,14.09,0.66,0.78
6785,-0.48,-0.76,0.28,0.77,0.53,0.24,4.94,3.67,1.27,8.61,0.39,0.41
7861,0.58,-1.59,2.17,2.34,-1.78,4.12,6.96,3.87,3.09,10.83,0.45,0.49
6319,1.55,0.42,1.14,2.28,0.69,1.59,4.50,3.75,0.75,8.25,0.45,0.48
4031,0.96,-0.07,1.03,1.73,0.59,1.14,7.99,6.03,1.95,14.02,0.59,0.68
1809,1.35,-0.55,1.91,2.20,0.37,1.83,8.62,7.88,0.74,16.50,0.62,0.72
6648,0.57,0.16,0.41,1.43,0.31,1.12,10.28,9.09,1.19,19.37,0.71,0.88
8363,-0.11,-0.33,0.23,0.92,0.35,0.57,6.35,5.78,0.57,12.12,0.57,0.65
6465,-0.36,-1.08,0.71,1.34,-0.85,2.19,6.87,5.35,1.52,12.22,0.57,0.65
1031,2.00,0.81,1.19,4.63,1.25,3.38,7.69,6.05,1.64,13.74,0.55,0.61
1862,2.38,0.41,1.97,3.94,1.87,2.06,5.79,3.73,2.06,9.52,0.46,0.49
5027,0.21,-0.52,0.73,0.99,0.07,0.91,5.81,5.57,0.25,11.38,0.59,0.68
7327,1.96,0.84,1.12,3.46,1.74,1.72,5.65,5.62,0.03,11.27,0.46,0.50
3826,0.44,0.88,-0.44,1.14,1.52,-0.37,4.23,3.31,0.92,7.54,0.38,0.40
4573,2.67,0.76,1.91,3.41,1.38,2.03,6.43,5.48,0.95,11.90,0.48,0.52
5372,0.74,0.28,0.46,1.93,1.22,0.71,5.08,3.89,1.19,8.97,0.42,0.45
1864,2.17,0.00,2.16,3.85,0.24,3.61,9.81,8.47,1.34,18.28,0.66,0.79
8691,2.43,-0.30,2.73,3.46,0.97,2.49,4.95,3.83,1.12,8.78,0.45,0.48
3872,0.88,-0.74,1.62,1.92,-0.82,2.75,6.41,5.78,0.63,12.18,0.50,0.55
2013,0.59,0.87,-0.29,0.77,2.22,-1.45,5.40,5.50,-0.10,10.90,0.55,0.61
7030,1.01,-0.10,1.11,2.19,1.14,1.05,5.41,4.04,1.37,9.44,0.53,0.59
7527,2.99,1.53,1.46,4.95,3.29,1.66,5.23,4.29,0.93,9.52,0.50,0.55
7094,1.39,0.33,1.06,2.57,2.27,0.30,8.58,8.53,0.05,17.11,0.64,0.76
9309,1.43,-1.79,3.21,2.46,-2.69,5.14,5.47,4.83,0.64,10.31,0.53,0.60
3022,-0.74,-1.58,0.84,0.27,-1.78,2.05,5.41,5.18,0.23,10.59,0.50,0.56
275,4.42,2.89,1.53,5.93,3.88,2.05,8.39,7.67,0.72,16.06,0.71,0.88
1986,3.65,0.26,3.39,6.15,2.31,3.84,8.55,8.09,0.46,16.65,0.70,0.88
3728,1.29,-0.66,1.95,2.16,-0.48,2.64,4.09,2.40,1.68,6.49,0.32,0.33
8011,-0.24,-1.54,1.31,0.63,-1.14,1.76,5.93,5.84,0.09,11.77,0.48,0.52
3024,1.17,0.66,0.51,3.22,1.79,1.43,7.02,6.06,0.96,13.08,0.51,0.56
6288,1.16,-0.76,1.92,3.45,-0.13,3.58,4.64,3.39,1.25,8.04,0.43,0.46
5933,3.04,0.51,2.53,4.14,0.54,3.60,6.21,5.72,0.49,11.93,0.53,0.59
6543,2.21,0.41,1.80,3.64,1.86,1.77,4.89,4.47,0.42,9.36,0.54,0.60
3318,0.90,0.43,0.47,3.03,1.88,1.15,4.63,2.89,1.74,7.52,0.43,0.47
8906,3.68,0.25,3.43,6.15,1.94,4.21,8.84,6.40,2.43,15.24,0.59,0.68
8110,1.58,0.75,0.84,3.31,1.68,1.62,6.67,5.57,1.11,12.24,0.53,0.59
7395,0.18,-1.26,1.44,1.53,0.02,1.51,7.14,5.21,1.93,12.35,0.40,0.42
704,-1.67,-2.63,0.96,-0.84,-2.21,1.37,6.61,6.42,0.19,13.03,0.58,0.66
1231,0.89,-0.29,1.18,2.08,0.55,1.53,4.02,4.14,-0.12,8.15,0.47,0.52
3526,-0.36,-1.02,0.66,0.66,0.08,0.57,6.16,5.05,1.10,11.21,0.52,0.58
6953,1.84,0.66,1.18,4.15,1.20,2.95,5.86,4.98,0.88,10.84,0.52,0.57
8890,1.48,0.28,1.19,2.17,0.92,1.25,5.77,5.48,0.29,11.25,0.62,0.73
3353,0.84,-0.13,0.96,1.93,0.15,1.79,3.42,3.10,0.31,6.52,0.27,0.27
9065,0.97,-0.20,1.17,2.22,0.71,1.51,5.33,3.86,1.47,9.19,0.52,0.57
7167,0.50,0.23,0.27,2.72,1.79,0.93,5.70,4.96,0.74,10.66,0.49,0.54
3398,1.07,0.40,0.67,2.73,1.36,1.37,5.31,3.98,1.33,9.29,0.42,0.45
5786,1.51,1.76,-0.25,2.89,3.00,-0.10,4.77,4.38,0.39,9.16,0.52,0.57
531,2.02,-1.58,3.60,4.23,-1.56,5.80,9.03,7.40,1.63,16.43,0.59,0.68
672,1.47,1.17,0.29,3.28,3.07,0.22,4.47,3.42,1.06,7.89,0.44,0.47
7404,0.73,1.56,-0.84,2.07,2.83,-0.76,7.92,5.82,2.10,13.74,0.59,0.68
1650,1.74,-0.30,2.04,2.41,-0.22,2.62,6.25,4.26,1.99,10.51,0.45,0.49
9469,0.20,-0.39,0.59,1.66,-0.34,2.00,8.51,7.06,1.45,15.57,0.63,0.75
1066,1.63,0.20,1.43,2.01,0.12,1.90,4.40,3.36,1.03,7.76,0.43,0.46
9871,2.14,1.85,0.29,3.62,2.68,0.94,3.57,3.09,0.47,6.66,0.36,0.38
5812,1.31,0.24,1.07,2.30,0.85,1.46,6.13,5.00,1.13,11.13,0.53,0.59
6293,1.48,-0.47,1.95,4.51,0.48,4.03,4.80,4.44,0.36,9.25,0.39,0.41
9388,2.50,-0.28,2.78,3.75,1.03,2.73,5.41,5.22,0.19,10.63,0.38,0.40
9488,0.52,0.59,-0.06,1.37,1.03,0.35,3.60,3.52,0.08,7.13,0.42,0.45
7663,1.83,1.37,0.46,3.08,2.56,0.52,6.54,5.93,0.61,12.47,0.56,0.64
3823,1.29,2.39,-1.10,3.35,4.59,-1.24,3.50,2.64,0.85,6.14,0.54,0.60
1872,0.27,-0.76,1.03,1.61,-0.07,1.68,5.57,4.57,1.00,10.14,0.41,0.43
9739,1.41,1.13,0.28,2.76,2.15,0.61,6.85,5.05,1.79,11.90,0.56,0.63
4455,1.89,-0.35,2.24,3.05,-1.01,4.06,2.90,2.94,-0.05,5.84,0.41,0.43
5287,1.66,0.22,1.44,2.12,1.00,1.11,5.93,5.49,0.44,11.41,0.49,0.54
7989,0.47,0.15,0.32,2.40,1.49,0.91,2.00,2.22,-0.23,4.22,0.31,0.32
2975,-0.23,-1.06,0.83,1.28,-1.02,2.30,3.74,2.92,0.82,6.66,0.42,0.44
3131,0.87,0.21,0.66,1.73,0.69,1.04,5.07,4.07,0.99,9.14,0.44,0.47
2768,0.07,-1.39,1.46,2.18,-0.41,2.58,4.61,3.50,1.11,8.11,0.39,0.41
3760,1.20,0.86,0.34,2.29,1.19,1.10,9.33,7.88,1.45,17.21,0.70,0.87
5590,1.16,0.38,0.78,1.19,0.25,0.93,5.33,4.66,0.67,10.00,0.51,0.56
2293,1.90,-1.09,2.99,3.40,-1.30,4.70,4.31,3.48,0.83,7.78,0.37,0.39
7792,1.45,1.35,0.10,1.53,1.37,0.17,7.63,7.27,0.35,14.90,0.61,0.71
5264,0.01,0.60,-0.60,1.25,0.85,0.39,7.59,5.99,1.60,13.59,0.61,0.71
765,-0.69,-1.37,0.68,0.11,-1.01,1.12,7.74,7.71,0.03,15.45,0.70,0.87
3183,0.46,-1.64,2.11,1.86,-1.80,3.66,3.40,3.49,-0.09,6.89,0.45,0.48
9324,-0.56,-0.30,-0.26,-0.07,1.06,-1.13,6.13,4.98,1.15,11.10,0.58,0.66
9105,0.37,0.17,0.20,1.46,1.35,0.11,4.42,3.79,0.63,8.21,0.28,0.29
1996,1.66,-0.75,2.41,3.00,0.18,2.82,5.52,3.56,1.96,9.08,0.34,0.35
4594,0.15,1.08,-0.92,1.96,2.24,-0.28,5.41,5.11,0.31,10.52,0.54,0.60
6390,1.86,-0.52,2.38,4.36,0.22,4.14,5.55,3.65,1.89,9.20,0.38,0.40
8889,-0.39,-0.53,0.15,0.02,0.06,-0.04,8.41,7.02,1.39,15.43,0.70,0.86
7002,0.88,2.84,-1.96,1.92,3.51,-1.59,5.69,6.18,-0.49,11.87,0.45,0.49
2652,0.33,-1.38,1.70,1.31,-1.34,2.65,3.96,2.52,1.44,6.48,0.33,0.34
7299,0.80,0.23,0.57,1.33,1.26,0.07,5.18,4.59,0.59,9.77,0.53,0.58
4960,2.65,2.32,0.33,3.52,1.76,1.77,4.50,4.27,0.22,8.77,0.50,0.54
6810,1.24,0.56,0.68,1.90,0.69,1.21,9.06,8.87,0.20,17.93,0.71,0.88
4891,3.16,-0.06,3.22,4.43,-0.52,4.96,6.13,4.77,1.37,10.90,0.35,0.36
5585,1.83,0.57,1.26,2.94,0.92,2.02,4.06,4.09,-0.03,8.15,0.33,0.35
5620,2.18,-0.37,2.55,4.21,-0.34,4.55,8.30,6.70,1.61,15.00,0.64,0.76
4211,0.79,-0.27,1.06,1.56,-0.26,1.82,5.02,4.58,0.44,9.59,0.52,0.57
737,0.11,3.50,-3.39,1.12,4.81,-3.69,6.29,7.54,-1.24,13.83,0.64,0.76
9265,2.17,1.45,0.72,5.71,3.25,2.47,5.65,5.12,0.53,10.77,0.44,0.47
7945,0.43,-1.62,2.05,1.98,-1.26,3.24,7.40,6.06,1.34,13.46,0.56,0.64
210,0.39,1.48,-1.08,1.31,2.11,-0.79,7.56,7.25,0.31,14.81,0.67,0.81
4685,-0.33,-1.19,0.86,0.43,-1.54,1.97,6.10,8.88,-2.78,14.97,0.53,0.59
6418,1.49,-0.20,1.69,2.04,-0.09,2.12,8.09,6.49,1.60,14.58,0.60,0.70
8819,0.57,-0.76,1.33,2.22,-0.71,2.93,4.59,3.37,1.23,7.96,0.37,0.39
6949,2.03,-0.75,2.79,3.80,-0.12,3.92,4.65,3.99,0.66,8.64,0.47,0.51
3684,1.80,0.01,1.79,2.51,-0.15,2.67,5.92,4.91,1.01,10.83,0.47,0.51
8115,1.92,-0.20,2.12,3.25,-0.08,3.33,7.40,6.50,0.90,13.90,0.61,0.70
2152,-0.45,-1.40,0.94,0.26,-0.45,0.71,4.98,4.66,0.32,9.64,0.55,0.61
2922,0.65,-0.52,1.18,1.51,0.16,1.36,5.02,3.89,1.13,8.91,0.46,0.49
4594,2.57,-0.01,2.58,4.24,0.30,3.94,5.90,4.49,1.40,10.39,0.40,0.42
557,0.25,-1.01,1.26,2.83,1.23,1.61,5.08,3.74,1.34,8.82,0.48,0.53
2730,1.42,0.03,1.39,3.26,1.47,1.79,3.82,2.97,0.84,6.79,0.35,0.36
2661,1.92,-0.22,2.13,4.14,0.02,4.13,5.96,6.14,-0.19,12.10,0.44,0.48
9314,1.33,-0.54,1.87,1.36,-0.24,1.60,4.70,3.98,0.72,8.68,0.52,0.58
9316,2.15,0.74,1.42,3.25,1.66,1.59,6.86,3.50,3.36,10.36,0.47,0.52
2085,3.16,0.62,2.54,4.82,1.27,3.54,7.64,6.59,1.06,14.23,0.58,0.67
3066,1.10,-0.02,1.12,2.99,0.57,2.42,5.58,4.95,0.63,10.53,0.49,0.54
1226,1.14,-0.60,1.75,2.97,0.17,2.80,5.61,4.98,0.63,10.58,0.50,0.55
8992,1.05,-0.37,1.42,2.09,0.23,1.86,6.63,5.58,1.05,12.22,0.66,0.79
282,-0.89,-2.50,1.61,0.67,-1.58,2.26,6.97,5.22,1.75,12.20,0.58,0.66
9729,0.52,0.04,0.48,1.24,-0.03,1.27,9.13,8.30,0.83,17.43,0.63,0.73
612,1.53,2.04,-0.51,1.85,2.95,-1.10,6.37,5.05,1.31,11.42,0.46,0.49
3938,1.68,-0.19,1.87,3.08,0.01,3.07,5.09,4.86,0.23,9.95,0.50,0.55
1134,1.73,-0.01,1.74,2.10,-0.49,2.59,5.15,3.88,1.27,9.03,0.48,0.52
8297,2.63,0.98,1.65,4.80,2.20,2.60,5.37,4.02,1.35,9.39,0.53,0.59
1907,1.08,-0.64,1.73,3.20,1.08,2.11,8.71,7.76,0.96,16.47,0.62,0.72
1921,0.87,-0.66,1.53,2.66,-0.02,2.68,5.47,4.87,0.60,10.34,0.48,0.53
1866,2.57,0.97,1.60,3.96,1.84,2.12,4.73,3.35,1.38,8.08,0.37,0.39
1912,1.09,0.59,0.51,1.83,0.64,1.19,7.86,6.79,1.07,14.64,0.62,0.73
6757,-2.32,0.44,-2.76,-1.94,2.50,-4.44,5.04,4.22,0.82,9.26,0.44,0.47
6779,1.32,-1.30,2.62,2.47,-0.92,3.39,8.58,7.93,0.65,16.51,0.70,0.86
2777,0.93,0.67,0.26,1.51,1.14,0.37,4.99,4.22,0.77,9.21,0.43,0.46
3128,2.48,0.04,2.44,4.97,0.62,4.35,5.89,4.57,1.32,10.46,0.43,0.46
7974,0.04,-1.38,1.42,1.01,-1.02,2.04,5.86,4.36,1.50,10.22,0.54,0.60
7015,1.95,1.12,0.84,3.51,2.35,1.16,3.80,4.08,-0.28,7.87,0.45,0.48
9919,1.65,0.39,1.26,3.48,0.82,2.67,7.77,6.39,1.37,14.16,0.52,0.58
5202,2.76,0.76,2.00,4.85,1.95,2.90,5.38,4.60,0.78,9.98,0.51,0.56
9334,0.20,-0.75,0.95,1.93,0.96,0.96,4.16,2.92,1.23,7.08,0.40,0.43
8328,0.74,-0.03,0.77,1.93,0.29,1.64,4.08,4.11,-0.03,8.20,0.32,0.33
2974,1.48,-0.14,1.62,3.06,0.52,2.54,7.31,5.33,1.99,12.64,0.44,0.47
1736,2.03,-0.41,2.45,5.32,0.53,4.79,3.53,3.10,0.43,6.64,0.39,0.41
3734,-0.52,-0.72,0.21,-0.19,0.05,-0.24,4.96,4.24,0.73,9.20,0.49,0.54
1968,1.79,1.02,0.77,2.75,2.09,0.66,5.54,5.46,0.08,10.99,0.43,0.46
7669,0.47,-0.27,0.74,1.94,0.83,1.11,3.78,3.10,0.69,6.88,0.47,0.51
6324,-0.27,-0.44,0.17,0.31,-0.60,0.90,5.81,4.49,1.33,10.30,0.49,0.54
8899,1.50,-0.25,1.75,4.10,0.71,3.39,4.76,3.85,0.91,8.61,0.46,0.49
7323,2.67,-0.12,2.79,3.96,0.21,3.75,6.63,6.45,0.18,13.08,0.57,0.64
2873,0.84,-1.04,1.88,2.91,-0.61,3.52,5.24,5.41,-0.16,10.65,0.47,0.51
3456,1.32,-0.18,1.50,2.01,-0.44,2.46,8.01,6.25,1.76,14.25,0.55,0.62
6200,1.46,-0.21,1.67,2.89,0.75,2.14,8.21,6.30,1.91,14.52,0.60,0.69
4976,1.87,0.98,0.88,3.05,2.04,1.01,7.67,6.48,1.19,14.15,0.62,0.73
6656,1.78,2.41,-0.63,1.96,3.63,-1.67,7.00,6.44,0.56,13.45,0.61,0.71
3537,-0.71,0.99,-1.70,0.74,2.43,-1.69,4.95,5.30,-0.35,10.24,0.55,0.62
8629,0.82,-0.28,1.10,1.44,-0.10,1.55,9.99,8.13,1.86,18.13,0.67,0.81
6028,3.52,2.05,1.47,5.70,2.33,3.37,6.36,6.94,-0.58,13.31,0.51,0.56
3478,0.24,-0.01,0.25,0.92,0.61,0.31,5.31,4.90,0.42,10.21,0.53,0.59
1662,1.97,-1.09,3.07,3.64,-0.21,3.86,4.52,5.66,-1.15,10.18,0.40,0.43
4890,3.16,1.24,1.92,5.07,2.15,2.92,8.04,5.35,2.69,13.39,0.51,0.57
3194,0.29,0.84,-0.55,1.51,1.04,0.47,6.45,6.08,0.37,12.53,0.58,0.67
9447,0.72,0.29,0.43,2.11,2.68,-0.57,3.66,4.14,-0.48,7.80,0.34,0.35
8890,0.06,-0.41,0.47,1.86,0.58,1.28,3.77,3.49,0.28,7.25,0.41,0.43
3319,1.98,0.71,1.27,4.94,3.19,1.74,5.20,4.34,0.85,9.54,0.43,0.46
1498,0.20,-0.76,0.96,1.24,-0.01,1.25,3.71,2.91,0.80,6.63,0.37,0.39
5364,0.07,-0.71,0.78,1.07,-0.13,1.20,5.51,5.13,0.38,10.64,0.49,0.54
3769,-1.34,-1.10,-0.24,-0.62,-1.07,0.45,3.01,2.57,0.44,5.58,0.32,0.33
361,2.74,0.17,2.57,4.74,0.20,4.54,4.83,5.25,-0.42,10.08,0.45,0.48
7263,1.08,-0.88,1.96,2.62,-0.54,3.16,6.52,6.09,0.43,12.61,0.49,0.54
8603,0.00,-1.19,1.19,1.09,-0.39,1.47,6.41,5.45,0.96,11.86,0.38,0.40
5529,2.37,-0.53,2.89,4.25,-0.49,4.75,6.47,4.90,1.57,11.37,0.50,0.55
6161,1.57,0.16,1.41,3.16,0.87,2.29,5.50,4.19,1.31,9.69,0.44,0.47
5181,1.09,-0.32,1.40,2.65,1.07,1.58,8.46,7.18,1.28,15.65,0.52,0.57
1652,1.01,1.47,-0.46,2.00,2.46,-0.46,4.87,4.36,0.51,9.23,0.51,0.57
5839,0.76,-1.54,2.30,2.30,-1.73,4.03,4.85,4.11,0.74,8.95,0.53,0.58
7196,-0.19,-0.24,0.05,0.30,0.28,0.02,4.95,4.05,0.90,8.99,0.51,0.56
4114,1.60,1.15,0.45,1.72,1.35,0.37,5.32,5.03,0.30,10.35,0.54,0.61
5575,0.98,-0.69,1.66,1.48,-0.71,2.19,7.46,6.21,1.25,13.67,0.48,0.53
2270,2.06,0.61,1.45,2.99,0.84,2.15,6.35,5.60,0.75,11.96,0.51,0.56
5532,0.96,-0.51,1.47,2.69,-0.49,3.18,7.27,7.36,-0.10,14.63,0.61,0.72
5954,0.72,-0.98,1.70,2.34,0.60,1.73,6.35,5.59,0.76,11.93,0.55,0.62
865,1.05,0.72,0.33,2.43,1.01,1.42,4.64,3.10,1.54,7.74,0.46,0.49
9240,2.29,0.34,1.95,4.40,1.77,2.63,3.96,3.33,0.63,7.29,0.38,0.40
5522,2.01,-0.64,2.65,3.18,0.56,2.62,5.20,4.53,0.67,9.73,0.54,0.61
2945,-0.30,-0.34,0.05,1.31,-0.68,1.99,5.56,5.32,0.24,10.87,0.47,0.52
8323,2.20,0.70,1.50,3.91,1.16,2.74,8.95,7.42,1.53,16.37,0.63,0.75
3491,2.88,0.39,2.49,4.61,0.11,4.50,5.54,4.50,1.04,10.03,0.54,0.60
2042,2.12,-0.31,2.43,3.84,0.12,3.72,8.51,5.76,2.75,14.27,0.54,0.60
2546,-0.47,1.38,-1.84,-0.29,2.23,-2.52,5.57,5.40,0.17,10.97,0.51,0.57
246,1.81,0.64,1.17,2.76,0.72,2.04,5.04,4.54,0.50,9.58,0.54,0.61
8758,1.47,0.78,0.68,3.30,1.15,2.14,7.28,7.17,0.11,14.45,0.64,0.76
6234,0.80,-0.08,0.87,1.92,0.77,1.15,4.96,4.21,0.75,9.17,0.47,0.51
889,1.54,-0.27,1.81,2.45,0.84,1.61,8.59,5.19,3.40,13.77,0.51,0.57
7735,3.79,3.39,0.39,5.08,4.08,1.00,8.95,8.17,0.78,17.13,0.65,0.77
4547,-0.41,0.47,-0.88,-0.14,0.67,-0.81,6.88,5.34,1.54,12.22,0.44,0.48
7170,0.03,-1.29,1.32,2.27,-0.35,2.62,5.44,2.99,2.45,8.44,0.41,0.44
1313,0.28,0.44,-0.16,1.68,1.17,0.51,5.15,4.63,0.52,9.78,0.50,0.55
1953,1.77,-0.48,2.25,4.29,0.36,3.93,5.32,4.32,1.00,9.63,0.46,0.49
9477,2.55,1.14,1.41,3.95,1.45,2.51,5.61,3.44,2.17,9.06,0.46,0.50
9393,2.66,1.06,1.60,4.16,1.72,2.44,8.26,7.67,0.59,15.93,0.60,0.70
5284,2.33,-0.82,3.15,4.24,-0.31,4.54,6.77,4.93,1.84,11.71,0.49,0.54
6120,1.89,0.89,1.01,3.70,1.61,2.09,7.14,5.99,1.15,13.13,0.62,0.72
9979,1.73,0.63,1.10,3.12,2.09,1.03,3.62,3.32,0.30,6.94,0.48,0.53
6978,1.75,-0.60,2.35,2.72,-0.83,3.56,5.87,5.28,0.59,11.15,0.50,0.55
2700,1.57,-0.62,2.19,2.47,0.34,2.12,8.61,7.71,0.90,16.32,0.67,0.82
5390,0.94,-1.17,2.11,1.58,-1.48,3.06,2.89,2.61,0.28,5.50,0.32,0.33
9911,-0.49,-0.42,-0.07,0.69,0.51,0.18,2.80,2.38,0.42,5.18,0.31,0.32
6422,1.02,-1.47,2.49,2.36,-0.76,3.13,6.64,5.49,1.15,12.13,0.58,0.66
319,2.26,0.73,1.53,3.70,1.09,2.61,5.08,4.01,1.07,9.10,0.45,0.49
451,1.47,-0.91,2.38,2.13,-0.53,2.66,9.77,7.32,2.45,17.09,0.66,0.79
5370,1.06,-0.40,1.46,2.60,-0.67,3.28,7.73,5.69,2.04,13.43,0.54,0.60
9332,2.79,0.35,2.44,3.50,0.83,2.67,5.16,4.24,0.92,9.39,0.42,0.44
8698,-0.38,-0.85,0.46,0.52,-0.40,0.92,5.74,5.55,0.19,11.29,0.53,0.59
2996,0.41,0.22,0.19,1.68,0.93,0.75,6.35,5.51,0.84,11.86,0.52,0.58
7875,3.14,1.48,1.66,5.52,2.44,3.08,6.03,5.22,0.81,11.25,0.58,0.66
1509,3.73,0.60,3.13,6.08,1.49,4.59,6.24,4.36,1.88,10.60,0.48,0.52
302,1.35,-0.42,1.76,3.96,-0.09,4.04,5.82,6.22,-0.39,12.04,0.53,0.59
317,1.43,-0.85,2.28,3.12,0.73,2.38,9.66,8.86,0.80,18.52,0.71,0.89
7491,0.42,-0.24,0.66,1.89,1.04,0.85,4.33,3.50,0.83,7.83,0.42,0.44
875,0.91,0.12,0.79,1.85,0.74,1.11,4.75,3.75,0.99,8.50,0.42,0.44
7795,-0.31,-2.13,1.82,0.53,-1.70,2.23,9.19,8.92,0.27,18.11,0.69,0.84
4731,0.45,-0.73,1.18,2.29,0.23,2.06,5.68,5.31,0.36,10.99,0.51,0.56
5988,1.65,0.19,1.46,3.14,0.77,2.37,4.19,4.48,-0.29,8.68,0.38,0.39
2508,1.07,-0.95,2.02,2.10,-0.56,2.66,6.52,5.82,0.70,12.34,0.49,0.53
1121,0.70,-1.20,1.90,1.27,-1.38,2.64,8.32,7.70,0.62,16.01,0.61,0.71
1778,-2.19,-1.45,-0.74,-1.65,-1.15,-0.51,3.86,4.23,-0.37,8.09,0.37,0.39
7925,0.84,2.10,-1.26,1.79,3.56,-1.76,6.48,6.87,-0.40,13.35,0.53,0.59
5683,1.16,0.39,0.77,3.57,1.92,1.65,4.17,3.56,0.61,7.73,0.45,0.48
2759,2.16,0.75,1.41,3.99,1.34,2.65,4.02,3.94,0.08,7.96,0.49,0.54
4733,2.04,-0.02,2.06,4.22,0.95,3.27,5.67,4.82,0.84,10.49,0.43,0.46
5583,2.45,-0.23,2.68,5.88,0.48,5.40,5.96,4.10,1.86,10.06,0.40,0.42
8888,0.36,-0.39,0.75,1.08,-0.66,1.74,6.12,5.43,0.68,11.55,0.48,0.52
9400,2.53,1.02,1.52,5.25,1.59,3.66,9.77,8.67,1.10,18.44,0.72,0.90
3163,-1.44,-1.84,0.40,-0.71,-2.02,1.31,7.43,5.16,2.27,12.60,0.53,0.59
7453,1.22,-0.43,1.65,2.28,-0.42,2.70,4.99,5.08,-0.10,10.07,0.50,0.55
5230,-0.55,0.04,-0.59,-0.18,0.52,-0.70,7.35,6.64,0.72,13.99,0.58,0.67
9897,1.23,1.26,-0.03,1.81,1.73,0.09,6.56,5.11,1.45,11.67,0.55,0.61
7424,1.35,0.77,0.58,2.02,0.91,1.11,3.59,2.14,1.45,5.74,0.37,0.39
6794,1.89,-0.38,2.27,3.65,-0.04,3.69,6.23,5.12,1.11,11.34,0.59,0.67
4116,-0.45,-0.77,0.31,-0.38,-0.20,-0.17,9.33,7.89,1.43,17.22,0.68,0.82
8412,1.86,0.44,1.43,3.89,1.61,2.28,4.09,2.80,1.29,6.90,0.40,0.42
7138,2.17,0.20,1.97,3.50,0.31,3.20,6.23,4.20,2.03,10.43,0.47,0.51
8872,0.07,1.15,-1.08,0.33,2.03,-1.70,8.69,7.55,1.14,16.25,0.65,0.78
4509,2.67,1.26,1.41,5.13,2.59,2.53,5.95,4.81,1.13,10.76,0.52,0.58
2004,0.96,-0.34,1.30,1.86,-0.36,2.22,4.51,4.04,0.47,8.55,0.31,0.32
694,2.07,1.48,0.59,2.81,1.77,1.04,4.19,2.66,1.53,6.85,0.40,0.42
8032,1.95,0.12,1.83,2.45,-0.14,2.60,6.71,6.56,0.15,13.26,0.60,0.70
4019,-1.38,-0.25,-1.13,-0.74,0.66,-1.40,5.09,5.43,-0.34,10.52,0.49,0.54
9419,2.32,1.63,0.69,4.35,2.17,2.18,4.00,2.90,1.10,6.90,0.33,0.35
4238,0.20,-0.60,0.80,0.88,-0.37,1.25,5.74,5.36,0.38,11.10,0.48,0.52
9370,2.54,0.37,2.17,3.88,0.06,3.82,6.29,6.18,0.11,12.47,0.55,0.62
5752,-0.47,-0.93,0.46,-0.24,-0.23,-0.01,5.87,4.89,0.98,10.76,0.53,0.59
2117,2.75,0.67,2.08,3.75,1.63,2.12,5.96,4.16,1.79,10.12,0.49,0.53
7501,1.41,0.54,0.87,3.45,1.51,1.93,5.49,3.97,1.52,9.46,0.38,0.40
4715,2.47,0.47,2.00,3.92,1.06,2.86,5.50,5.76,-0.26,11.26,0.49,0.54
8526,0.36,-0.33,0.68,1.52,-0.03,1.55,5.04,4.25,0.79,9.29,0.38,0.40
9089,1.82,0.53,1.28,3.98,1.43,2.56,7.15,5.80,1.35,12.95,0.51,0.56
1176,0.92,1.06,-0.14,1.72,1.59,0.13,4.54,3.61,0.93,8.15,0.45,0.49
665,1.56,0.65,0.91,3.04,0.49,2.55,3.93,4.13,-0.20,8.06,0.45,0.48
9235,1.89,0.64,1.26,4.13,1.51,2.62,5.87,5.38,0.49,11.25,0.52,0.58
7255,-0.06,0.10,-0.17,2.17,2.16,0.01,7.05,6.07,0.98,13.13,0.54,0.61
1483,-1.64,-2.80,1.17,-1.08,-2.90,1.82,4.93,4.68,0.25,9.60,0.44,0.48
1181,1.47,-0.43,1.90,3.06,-0.04,3.11,4.50,2.78,1.73,7.28,0.47,0.51
4036,0.37,-0.77,1.14,1.11,-0.12,1.23,4.32,3.37,0.94,7.69,0.47,0.50
2623,1.19,-0.11,1.30,3.58,0.06,3.52,4.42,2.39,2.03,6.81,0.44,0.47
5672,1.01,1.69,-0.68,2.36,3.57,-1.21,5.27,5.32,-0.05,10.60,0.45,0.49
4254,1.53,0.59,0.94,3.54,1.50,2.04,6.88,6.36,0.52,13.23,0.60,0.70
9869,1.92,-1.22,3.15,5.68,-0.79,6.46,4.61,4.69,-0.08,9.30,0.46,0.50
3503,2.48,1.46,1.03,4.37,3.78,0.59,4.89,4.45,0.43,9.34,0.47,0.52
966,-0.49,-0.32,-0.17,0.13,0.30,-0.17,7.53,6.91,0.62,14.43,0.63,0.74
2952,0.50,0.46,0.04,1.24,0.36,0.89,4.77,4.29,0.48,9.06,0.44,0.48
9806,0.56,-0.53,1.10,2.55,0.94,1.61,3.49,2.63,0.86,6.12,0.42,0.45
8135,0.17,-0.67,0.84,1.16,-0.93,2.09,5.55,4.67,0.88,10.22,0.50,0.55
4254,2.04,0.33,1.72,3.59,-0.16,3.75,5.63,4.35,1.28,9.98,0.43,0.46
8008,1.48,1.20,0.27,3.16,2.39,0.77,4.36,4.14,0.22,8.50,0.38,0.40
283,1.52,1.09,0.43,2.49,1.80,0.69,5.37,4.82,0.55,10.19,0.44,0.48
117,1.54,-1.89,3.43,3.09,-0.69,3.78,6.25,4.82,1.43,11.06,0.44,0.47
5508,1.38,-0.56,1.93,2.76,-0.01,2.77,7.63,5.42,2.21,13.04,0.49,0.54
2370,-0.11,1.16,-1.28,1.16,2.88,-1.72,4.42,4.91,-0.49,9.34,0.39,0.41
7700,-0.60,0.13,-0.73,-0.22,0.31,-0.53,4.88,4.89,-0.01,9.77,0.47,0.50
1947,1.85,0.98,0.86,2.59,1.68,0.91,7.72,6.46,1.26,14.18,0.56,0.63
1011,0.30,-0.08,0.39,2.14,1.44,0.70,5.21,4.13,1.07,9.34,0.53,0.59
2040,1.31,0.48,0.83,1.71,0.15,1.56,3.96,3.63,0.34,7.59,0.36,0.38
8063,1.00,-0.78,1.77,2.19,-0.73,2.92,2.57,2.60,-0.04,5.17,0.29,0.30
7403,0.82,-0.58,1.40,1.88,-0.60,2.48,5.96,5.39,0.57,11.36,0.53,0.59
4678,1.53,0.42,1.11,2.89,0.80,2.10,5.10,3.86,1.24,8.96,0.46,0.50
9658,1.78,1.44,0.35,3.32,1.85,1.47,6.99,5.38,1.61,12.37,0.53,0.59
152,-0.15,-2.78,2.63,1.39,-2.62,4.01,7.29,6.16,1.13,13.45,0.52,0.58
6579,0.49,-0.61,1.10,0.54,-0.30,0.84,6.09,4.27,1.82,10.36,0.45,0.48
9133,1.94,-0.31,2.25,3.97,0.72,3.25,6.76,5.38,1.38,12.15,0.54,0.61
4004,0.80,0.06,0.74,1.45,0.10,1.35,5.23,4.92,0.30,10.15,0.41,0.44
3501,0.18,-3.08,3.26,1.25,-2.07,3.32,6.12,4.04,2.08,10.17,0.43,0.46
4401,1.16,-0.82,1.98,2.18,-0.21,2.39,5.06,4.10,0.96,9.16,0.37,0.39
98,0.61,0.21,0.40,1.69,1.49,0.20,3.34,3.63,-0.29,6.97,0.38,0.40
5380,1.86,-0.67,2.54,4.04,0.89,3.15,6.16,4.90,1.26,11.05,0.50,0.56
9596,1.95,1.11,0.84,3.21,2.35,0.85,7.18,5.16,2.01,12.34,0.44,0.47
3111,-1.15,1.11,-2.27,-1.28,1.89,-3.17,6.63,6.34,0.30,12.97,0.63,0.74
5739,2.80,-0.94,3.74,5.46,-0.78,6.23,6.41,4.30,2.11,10.71,0.52,0.57
734,0.76,-0.02,0.78,2.21,0.51,1.70,8.30,6.75,1.55,15.05,0.66,0.80
5229,0.36,-1.10,1.47,2.67,0.38,2.29,6.79,5.51,1.28,12.30,0.57,0.64
5621,2.27,1.55,0.72,3.20,2.32,0.88,4.73,4.18,0.56,8.91,0.37,0.39
4117,1.68,1.50,0.19,3.40,1.99,1.41,5.20,5.24,-0.04,10.44,0.46,0.50
7752,1.86,0.31,1.55,1.97,0.44,1.53,7.21,5.57,1.64,12.78,0.51,0.56
8292,0.82,-0.48,1.30,0.98,0.21,0.77,8.93,8.41,0.52,17.34,0.70,0.87
5154,2.07,-0.36,2.43,4.40,0.31,4.09,6.69,5.03,1.66,11.72,0.49,0.54
3923,1.09,-0.37,1.46,2.19,-0.30,2.49,5.50,4.48,1.01,9.98,0.40,0.43
8617,1.85,2.60,-0.74,3.30,2.61,0.69,7.21,7.52,-0.30,14.73,0.70,0.86
9492,2.23,0.98,1.25,4.09,1.41,2.69,5.59,5.00,0.58,10.59,0.43,0.47
3530,0.25,-0.88,1.13,0.85,-0.61,1.46,5.17,4.63,0.54,9.80,0.51,0.56
2666,2.35,0.11,2.24,4.83,1.40,3.42,7.61,6.42,1.19,14.03,0.46,0.50
2321,2.57,1.02,1.55,4.78,1.83,2.95,4.31,4.04,0.28,8.35,0.47,0.51
6744,1.06,-0.28,1.34,0.89,-0.77,1.66,7.77,6.80,0.97,14.56,0.63,0.74
1479,1.01,-0.52,1.53,2.51,0.03,2.48,5.09,4.32,0.78,9.41,0.48,0.52
7663,1.55,1.59,-0.04,2.31,2.50,-0.19,6.80,7.52,-0.72,14.32,0.64,0.76
1500,0.04,-1.46,1.51,0.63,-1.04,1.67,9.38,8.39,0.99,17.78,0.74,0.95
7751,0.48,-0.74,1.22,2.46,-0.61,3.07,6.30,5.26,1.03,11.56,0.52,0.58
8233,-0.74,1.54,-2.28,0.07,2.81,-2.75,8.11,8.81,-0.70,16.91,0.57,0.64
9732,2.54,-0.43,2.96,4.27,-0.03,4.31,6.29,4.60,1.69,10.89,0.48,0.52
9404,2.37,2.01,0.35,3.89,2.24,1.65,9.40,7.88,1.53,17.28,0.61,0.71
6954,1.24,1.11,0.12,2.09,2.30,-0.21,4.09,3.83,0.26,7.92,0.39,0.42
8265,1.24,0.40,0.84,3.70,1.08,2.62,5.80,5.04,0.76,10.84,0.47,0.52
8318,0.83,-0.75,1.58,2.19,0.86,1.33,7.91,6.16,1.75,14.07,0.58,0.66
3341,-0.07,-1.63,1.56,0.50,-1.64,2.14,8.07,6.27,1.81,14.34,0.60,0.69
322,0.35,-1.56,1.91,2.28,-0.74,3.02,7.91,6.64,1.28,14.55,0.52,0.58
725,2.14,1.48,0.66,3.93,1.96,1.97,6.38,4.57,1.81,10.96,0.48,0.52
8131,2.10,-0.19,2.29,3.31,0.27,3.04,5.09,4.99,0.11,10.08,0.44,0.47
6870,1.55,0.38,1.18,2.79,1.29,1.50,5.31,4.98,0.33,10.29,0.44,0.47
1824,0.09,0.13,-0.04,0.29,0.24,0.05,6.88,4.42,2.46,11.30,0.44,0.48
2068,0.95,-1.10,2.05,3.03,-0.28,3.31,5.91,5.08,0.83,10.99,0.54,0.60
5148,0.86,-0.89,1.76,1.08,-0.98,2.06,5.16,3.64,1.52,8.81,0.43,0.46
4924,0.13,-1.10,1.23,1.68,-0.64,2.32,8.37,7.32,1.04,15.69,0.56,0.64
1640,2.11,1.97,0.14,4.04,3.07,0.97,5.82,4.93,0.88,10.75,0.51,0.56
