1.396623945897012553e-01,2.255186905501334674e-02,-6.301658720215339016e-02
1.349343486623096056e-01,1.065991152510145298e-02,-6.702178647571452319e-02
9.019778264419001101e-02,7.944718257482309698e-03,5.334415240203498748e-02
1.097331584016877221e-01,1.145216099480283675e-02,2.940920701531076625e-02
8.462729218560496869e-02,1.007121850089149825e-02,7.651886239335335682e-02
4.326765817021502314e-02,-6.770289129564470779e-03,4.409655022804926522e-02
1.336828302104267896e-01,1.950379969628378979e-02,-3.022625161487143414e-02
7.430180346847767292e-02,1.173799631191909526e-02,6.790020893770921939e-02
-2.334060077614244846e-02,-1.896021345528557320e-02,7.638697708786380824e-02
2.045217979264673039e-02,-2.079061016682811486e-02,1.025537955248586042e-01
-8.522071951685819546e-03,-4.409727043720561290e-02,6.840460524268075770e-02
4.712215602159157413e-02,-4.805027335161721203e-03,1.034327912991160336e-01
1.281897955054640548e-01,1.230969606892287280e-02,3.148730592693529430e-03
1.084133193339077289e-01,9.849291762545295606e-03,4.672651741933715741e-02
2.970559444111259273e-02,-8.473806876428534307e-03,9.103190960222491690e-02
4.836059826986066623e-02,1.496419399886601397e-03,6.763221248708381483e-02
9.135895094920980231e-02,-6.251465510188790840e-03,-2.567837859094233149e-02
1.072277323975189961e-01,6.950020877939672680e-03,1.454298734127409433e-02
1.119901327853774498e-01,1.039523244120837964e-02,3.577386761065538823e-02
1.006533072815642138e-01,8.152166512007634827e-03,4.315092102960441794e-02
1.270124289709171628e-01,5.804072970604663012e-03,-5.862288510321381901e-02
9.327779784931175544e-02,6.847384910609901482e-03,1.511917856051451505e-03
3.027394535041738003e-03,-3.578364600631550596e-02,8.443598031049548425e-02
7.279628846890215388e-02,7.172881404623149965e-03,3.345036158711389707e-02
1.309040994489201193e-01,1.203345298306485699e-02,-7.688569628793290311e-02
-2.044463316239138531e-02,-4.099272716720273740e-02,7.004064452480991687e-02
-6.499900324033866528e-02,-7.360111090364881981e-02,2.029626115554904534e-02
-7.069959914803297663e-02,-1.075820636752755910e-01,-8.616577646915623764e-03
-1.680281220238407161e-02,-1.974803740850490652e-02,2.083699575372293875e-02
-6.858761698823398478e-02,-1.101377733201293202e-01,-4.408251263092792527e-03
-7.696180023492889266e-02,-1.196578049058569099e-01,-3.536259733214992818e-02
-7.394971261160189491e-02,-1.358609422956416901e-01,-5.602930975759981558e-02
-9.415162623920413087e-02,-9.848426191625510306e-02,-5.439096650401021443e-02
-8.154115534888299599e-02,-1.196332511836104978e-01,-4.956321688818991766e-02
-7.826181402236849494e-02,-1.339949658670274713e-01,-5.141746575299176170e-02
-7.796502604136154591e-02,-1.292086930283639912e-01,-2.605099447066800897e-02
-7.724474191872417184e-02,-1.158072926276902531e-01,-3.644261632383236776e-02
-6.528343449433184065e-02,-6.800806884698190613e-02,1.762656381146670767e-02
-6.969579840967725370e-02,-1.021130557413295892e-01,-8.299425499951853386e-03
-6.961589638767760879e-02,-1.061470232734434554e-01,-1.499073186515820395e-02
-6.876102296672806369e-02,-4.982868323706952235e-02,1.519983996624165064e-02
-8.181171529617016491e-02,4.177821204958354767e-02,2.864421668881361738e-02
-4.560698105756184201e-02,6.918903701293163200e-04,5.790502596733505120e-02
-6.769991657265565788e-02,-1.272636549590959731e-01,-1.448254439361350288e-02
-5.909046563841825056e-02,-1.083948743168394874e-01,2.069971133463988783e-02
-4.493110034468836278e-02,-6.545982609463998902e-02,5.606155019988851712e-02
-2.311698642444790647e-02,-5.547915474234942773e-02,7.061013765732293557e-02
-2.245762840449696748e-02,-8.585676500361934249e-02,2.095319269113325375e-02
3.704565487627692333e-02,-1.004206269498264005e-02,1.021963333593327583e-01
9.572761932142846708e-02,-8.426410230260618361e-03,-3.880597787837156837e-02
1.258151650055679693e-01,1.394188256852838675e-02,1.553971961223872371e-02
1.250233002138806671e-01,2.198272735917011778e-02,-5.883000142507434013e-03
1.223577431299292390e-01,2.759194377803687176e-02,-5.338646333800866478e-02
8.476228137182410804e-02,7.721723604968534251e-03,8.202236114153668711e-02
-2.961604267701680587e-02,-2.071658152767256317e-02,6.817982860963613112e-02
4.365580056274045301e-02,1.290590728228861554e-02,9.092787377902911139e-02
-4.366697582228439706e-02,2.845284812963527060e-02,6.438143324433648340e-02
-8.250883759346613888e-02,7.126769271324692734e-02,3.173955686867857562e-02
-8.372245593845492259e-03,5.367459993776207972e-02,3.350197506979612355e-02
-8.372478015520874728e-02,1.154124866334248489e-01,-1.589550027924022807e-02
-8.212779544371105744e-02,1.059538441524160296e-01,-5.007687264264393603e-03
-8.748174790509830046e-02,8.825841396838407515e-02,-1.979504013161893436e-03
-9.557792385642874256e-02,1.159765371542577084e-01,-9.685971587804329333e-03
-1.013297544253652371e-01,1.240606144590002541e-01,-1.387407714535062939e-02
-1.149136362652438959e-01,1.395465032880981171e-01,-3.859739529046305601e-02
-1.118151978542606118e-01,1.458205708959182112e-01,-3.190260092564814465e-02
-8.052120486863660609e-02,9.010981881568708163e-02,2.018397468645131629e-02
-1.047112845198389791e-01,1.181958570924809826e-01,-1.097451580796954783e-02
-6.460576882547618138e-02,7.816235222171942498e-02,8.560506504212818044e-03
2.865450563330747269e-02,3.465292028182676703e-02,3.139202184750851388e-02
-8.149488986505740162e-02,5.754940427707844197e-02,2.193749739684301356e-02
-9.041010535736129783e-02,8.203738114489106392e-02,-1.118004993282581915e-04
-3.981939669863199943e-02,-6.230269073598094370e-02,-4.576992358305665559e-02
9.284515007672303200e-02,-4.532533408081028219e-03,-4.558115514940028201e-02
-3.345436515269244182e-03,-6.086652576218329336e-02,4.747842367847043138e-02
-2.948619407749487192e-02,-8.642373632706085163e-02,3.434348177342044089e-02
-5.906292499246458549e-02,-1.239409345779103472e-01,-4.536810229692585759e-03
-7.792984544685353787e-02,-1.422467764289576109e-01,-4.741069757908482341e-02
-6.517486961016559499e-02,-1.299965891518063688e-01,-1.879608760057125154e-03
-7.714094333835384842e-02,-1.434721894854234792e-01,-4.626493383039374796e-02
-7.457335195132198946e-02,-1.434622024260145956e-01,-4.119020115588517550e-02
-7.029708557575230221e-02,-1.382938292338734831e-01,-2.608821860235392351e-02
-7.554184584620413090e-02,-1.266651909501050333e-01,-5.002370655250201054e-02
-4.819233169685288587e-02,-8.431130639651410186e-02,-6.080897267382567861e-02
9.210340826745654075e-02,-3.922728162840645807e-03,-7.717274473438233418e-02
1.097587626429537139e-01,-2.855354954656782063e-03,-8.383612886305555345e-02
1.040852845720093012e-01,-8.835225809970568417e-03,-6.325716540351572492e-02
-2.953171164167146985e-03,-5.025102944528167526e-02,-4.144951126150318160e-02
1.392607524666441554e-01,1.111240758701318582e-02,-7.096889108589062023e-02
1.444211683763023668e-01,1.553686507073891339e-02,-8.375485002103812138e-02
1.300143572117496427e-01,1.410930796663435391e-02,-2.166827775807168529e-04
1.356010334157191632e-01,8.880455546834172334e-03,-4.489658192528053759e-02
-3.452971392123178884e-02,-2.058879518280398377e-02,3.835021552557976721e-02
1.060368036340801762e-01,-7.853550272497944939e-04,-5.526892111192599488e-02
1.348370828328050997e-01,1.434027192906489612e-02,-1.660842347183732678e-02
5.017096406695185917e-02,1.464872532379461051e-02,7.377492883081279706e-02
-3.418078504497399500e-02,2.073444429239536604e-02,6.716191978227714632e-02
-8.307729430417286343e-02,4.296636707931918153e-02,1.893801099952602263e-02
4.581424686468468094e-02,-2.600410133964354067e-02,-7.246881883765417254e-02
-3.169046469714854874e-02,-9.272886125703680427e-02,-4.516113313848304361e-02
1.261407790227479231e-01,5.852275094008155959e-03,-7.811620744301468744e-02
1.112761371397388843e-01,4.536497233713342528e-03,-7.887841654885999199e-02
4.418969476911582123e-02,-1.873565939872542593e-02,-7.450451401850032018e-02
1.304328292458958316e-01,1.366984349544851478e-02,-7.036582688871514946e-02
1.320131327233091401e-01,9.614516593573037978e-03,-7.849735360242257598e-02
1.203545577672511108e-01,9.447568495918583914e-03,1.293144889202045740e-02
1.199101721742778653e-01,2.445913635973637548e-02,-7.455563111347200678e-02
1.455811706283765550e-01,1.837565791114932276e-02,-8.306514095390898911e-02
1.347890677835437978e-01,1.985896035000072821e-02,-8.838554275483921641e-02
1.203723776595529843e-01,1.724652289373560313e-02,-8.318671575774091997e-02
6.450172901123842062e-02,-1.587848363252600302e-03,7.192926123910807490e-02
1.088924135485743877e-01,2.653034644616489388e-03,-2.968994503177569202e-02
1.387977247559190122e-02,-5.944286146929543546e-02,-2.271753014830547521e-02
-1.620898949550564697e-02,-4.548392870849366637e-02,3.969329847994904070e-02
-3.941827015858877237e-02,-9.949978918772739434e-02,2.136590274525785108e-02
-6.835560161136615409e-02,-1.319323578538024178e-01,-6.858257067091594848e-03
-8.167647402505977261e-02,-1.446423111509754778e-01,-4.497926814275891166e-02
-7.879457283826947489e-02,-1.314040152190748545e-01,-4.215186633954207118e-02
-5.396217299521005595e-02,-5.585565866192027801e-02,2.164985833784317110e-02
-7.229820484229300404e-02,-1.172330985584675855e-01,-3.502192618546894759e-02
8.691477065981077776e-02,2.569158046557695751e-02,-3.466055257552905916e-02
3.697844337415730209e-02,-7.965174679992773022e-04,2.560048358413535147e-02
-4.684746032461148402e-02,-9.662566620236311132e-02,3.303587174407437987e-02
8.567671323450421622e-03,-3.662193785866500132e-03,6.342920709724425565e-02
9.068291785268943472e-02,1.939357647710929222e-02,3.020584058456122958e-03
3.285184616593773976e-02,1.515651329652165438e-02,6.886106278992321084e-02
1.029334777461677342e-01,3.011370903489390613e-02,-7.973873851413170247e-03
6.511985746206644388e-02,3.937876819153968838e-02,-1.344282013384326012e-03
-8.094984776889638245e-02,-1.394155314073070029e-01,-5.439220080600613155e-02
-7.506523013354518548e-02,-1.306968498352472086e-01,-5.585458829902685551e-02
-7.366632284716023715e-02,-1.234288740584176952e-01,-5.504230443100058268e-02
-7.994724186944944522e-02,-1.027966246441065629e-01,-4.147050600807826448e-02
7.605398707233178290e-02,4.163594833705267645e-02,-2.543859173414244820e-02
1.227225320914392820e-01,2.741119364390529750e-02,-7.184183006147434880e-02
1.402126361076607708e-01,2.001369882999935040e-02,-7.241790623591583265e-02
7.341146062526217320e-02,2.627739121944693002e-02,-9.159558332106262565e-03
-3.456166598576623089e-02,7.734913176369065564e-03,4.636463935912375767e-02
-2.716346896641865655e-02,7.788887113333482770e-03,6.698555521872305574e-02
1.234169214842965739e-01,2.986494236890731985e-02,-5.432491135516315933e-02
5.867752081801993341e-02,2.897566113204822630e-02,3.604628253937752769e-02
-1.348399239857316426e-02,2.469992426257935567e-02,7.246042390943620293e-02
-7.439695929427328491e-02,1.060056058167094112e-01,-2.773997459362123608e-02
5.807263416794652966e-02,3.996743259563682177e-02,-6.239061714180968443e-03
-6.784642858774743435e-02,9.788636982734984227e-02,-4.027738319147640064e-04
-1.086929528752213908e-01,1.287051076255581183e-01,-4.149969341940047685e-02
-1.101870986621472231e-01,1.152865113052483348e-01,-4.376189230842195826e-02
-1.074861648392226310e-01,1.195619641070162220e-01,-4.120854533687684507e-02
-1.116411454577960621e-01,1.401594247260976311e-01,-3.928346203088539657e-02
-1.075117292756389703e-01,1.475678169778278925e-01,-3.366864560923258504e-02
-1.035625653009458053e-01,1.375630708620162179e-01,-3.651671138298694108e-02
-9.900457391031886045e-02,1.398694227192224804e-01,-3.202139945346325900e-02
-8.391523104564543867e-02,1.198487453825430871e-01,-2.149760771957442973e-02
-1.061054147077808568e-01,1.296453959000088696e-01,-3.443422185428594157e-02
-1.138310906843724435e-01,1.514388002707429959e-01,-3.689791523040730076e-02
-1.106818894701504102e-01,1.446078669218495427e-01,-3.892816889088296373e-02
-1.104917327814980560e-01,1.479654626997506106e-01,-3.775981306339432769e-02
-1.057065486945452937e-01,1.397378578693667939e-01,-3.247284613919615426e-02
-9.926541560753070204e-02,1.398061221840800616e-01,-3.233923729385305285e-02
3.490469116883005568e-02,-3.298376047273655909e-02,-7.496693434459589245e-02
-4.216091835515840130e-02,3.715681067387021502e-02,1.185256847370375240e-02
-2.551678966591941489e-02,-7.360070608700416961e-02,-6.396312622022420902e-02
4.209108780077443906e-02,8.028232425622500515e-03,-5.598240371985384323e-02
1.311966700612017811e-01,2.526259518256647810e-02,-7.611244215791065915e-02
6.979059555369335199e-02,1.797804914484921537e-02,-4.649469914425130579e-02
-9.741802792838210809e-03,6.444383986632133687e-02,3.205625498376744095e-03
-1.025018729762192451e-02,-9.348312012937136720e-03,-1.645788090155986955e-02
-2.528060983277077844e-02,2.618333764955490042e-02,6.558135045050663380e-03
-4.007887698169265711e-02,2.886611928771322041e-02,3.641647077788534581e-02
-5.284344008834290091e-02,4.299112448419666055e-02,3.424281549233507832e-02
-9.516927086348511700e-02,1.115345598774213215e-01,-6.017133703609695711e-03
-1.122425919510657844e-01,1.416048718318834165e-01,-2.936742987313432918e-02
-1.018449544794019224e-01,1.298313748365700071e-01,-2.262407766398008210e-02
-4.578101145131925620e-02,-1.059162439756127644e-01,-3.058398221506866601e-03
4.523484665613215772e-02,1.687584212855515811e-02,1.960367119418533061e-02
6.449624739759932286e-03,1.237463869182021080e-02,2.592895426632522288e-02
1.359597182916912929e-02,9.301838709207838063e-03,2.114077120095698287e-02
3.149345891904935246e-02,5.267338525560557629e-03,5.109305701151731910e-02
3.666529012336856852e-02,-8.027709260774193098e-03,6.098721395166289277e-02
5.219977185906113371e-02,7.867354793302042126e-04,6.106647119088075282e-02
3.552487772851936967e-03,1.417262478255326003e-02,2.925221165594186698e-02
-2.467686425951715404e-02,-2.158216003048423620e-03,4.226719182535307318e-02
-1.773735023426344093e-02,-6.893831802230669659e-02,4.052957214038660494e-02
-4.979608868339294864e-02,-1.165474458000505670e-01,-6.446087928788562854e-05
4.278373019595690246e-02,1.001838481898359619e-02,1.766397005217812052e-02
3.746923418435470915e-02,7.526440900426611437e-03,6.226457959831790956e-02
3.718364745731343041e-02,8.471228399594939520e-03,4.775153900881142638e-02
4.743429464720307770e-02,1.456164852259890161e-02,3.606583185857675788e-02
-5.018157019462730906e-02,-3.519955871923374779e-02,1.253882050339150817e-02
5.250402036278110224e-03,2.917905669853872869e-02,6.684726586452668928e-02
6.513896007807219724e-02,2.459232495530593726e-02,3.004366844600172073e-02
4.929098942855997950e-02,5.978209274683378427e-03,5.502682798075396453e-02
3.896055889793915029e-03,-1.328218864754539263e-02,-4.522955531215671482e-02
1.416548223543760421e-01,1.925812742678379569e-02,-4.484698841306603706e-02
1.336129168450781446e-01,1.211248137930853383e-02,-3.663757685488209376e-02
8.939349482917115230e-02,7.952718909456504143e-03,6.980575396207848449e-02
9.516419767572253940e-02,1.464881380877972733e-02,6.558477795755424111e-02
8.457445169036198473e-02,1.151948951561819479e-02,7.997838679177207699e-02
7.494472474627535130e-02,1.387329534982713330e-02,5.253775368640267729e-02
1.406913090148471102e-01,1.919278050265648197e-02,-3.951025405458360312e-02
8.739552613529508185e-02,1.641528809248812490e-02,6.277540835475181602e-02
-3.145053978635390518e-02,-2.475392846521530174e-02,7.864907391425636496e-02
3.615037483302969978e-02,-7.436686386656243992e-03,1.070064002943949127e-01
7.010779264980370080e-03,-2.738552049436734220e-02,7.654324679372935536e-02
4.690909511824720157e-02,-5.702675975705883207e-03,1.038165357690162133e-01
1.078802330547968119e-01,1.311021114989419090e-02,6.085484557606295197e-02
9.613399822171803111e-02,1.168476244888100833e-02,7.154336054398073574e-02
5.358727689680401959e-03,-1.856290551923150609e-02,9.711589632265520133e-02
3.696962916646612252e-02,5.141633050760640103e-03,7.881619065952316650e-02
5.714470800702797088e-02,-1.671877704907694454e-02,2.081529363327453905e-02
9.871569778759481384e-02,1.061336188067339356e-02,4.747671057893891600e-02
8.991306170651074126e-02,8.636800732483808016e-03,7.632497781394749492e-02
8.840471487978952825e-02,8.060048195351172950e-03,7.704515372789622063e-02
1.380048475859796120e-01,1.158751777858835902e-02,-4.150445989367503030e-02
7.161152972122640514e-02,-5.934113482042560790e-03,1.073549660427468994e-02
5.090118182477913755e-02,8.253673198675796083e-04,1.057469218714656156e-01
2.467967533711374478e-02,1.634121683838643188e-02,5.013369448582047361e-02
1.346119897710712499e-01,1.369585856150019876e-02,-8.077896150576027723e-02
-1.871834749416199234e-02,-2.760546283071160789e-02,8.153352581443586156e-02
-6.902053846246128388e-02,-6.622929075635500262e-02,1.578031922008325122e-02
-6.658865403628889956e-02,-9.934421806134191568e-02,6.425441496221264218e-03
-5.968829015418072176e-02,-2.069805421681337326e-02,3.093807535413392942e-02
-7.051893966493573418e-02,-1.075520716908611313e-01,-3.154064168547108605e-04
-7.412721383905958306e-02,-1.119194368344952895e-01,-3.332291232500347866e-02
-7.807266641532806251e-02,-1.340572391259837182e-01,-5.829335944408511883e-02
-9.746577641360999744e-02,-8.362067092842638549e-02,-5.170675171039106760e-02
-7.895729853758021166e-02,-1.161046808958028503e-01,-4.884012284758715988e-02
-7.895089408339664439e-02,-1.357631101209897939e-01,-5.042496862872762609e-02
-8.006927126524013283e-02,-1.257564273949176581e-01,-2.742871112730690952e-02
-7.883106847663866323e-02,-9.882954285251301096e-02,-3.719350592891638302e-02
-6.825867395735944754e-02,-7.462334798928522972e-02,9.790360137269752544e-03
-6.982037866912062241e-02,-1.022264700013811173e-01,-6.081247501638607951e-03
-7.318242845914646466e-02,-1.102705403480319785e-01,-1.886160576482279888e-02
-7.196145513015786421e-02,-5.513748244636994950e-02,1.165412486697974849e-02
-8.850500736649198619e-02,4.266328315371979013e-02,1.864926976664297090e-02
-5.297782435632401171e-02,-1.125358894263188587e-02,4.670062083224937183e-02
-7.761718622694363523e-02,-1.382763645146627141e-01,-2.631104381460921612e-02
-5.806767038360473310e-02,-1.109084470578295262e-01,1.411786688998021080e-02
-4.834561541804483636e-02,-6.012246223286672742e-02,5.054659194206772427e-02
-1.814815145734034393e-02,-5.672806430331829575e-02,7.131401751834345881e-02
-1.498089842826447367e-02,-6.022356909734172259e-02,4.404282913137301525e-02
2.889832708877309100e-02,-1.341866052458291075e-02,1.058301067539418466e-01
7.904766547627063711e-02,1.345311567527985403e-03,5.576877411027723191e-02
9.797263908441450342e-02,1.154189877625134107e-02,6.870552512476832407e-02
1.231032790028737250e-01,2.210721248276974193e-02,9.669312988630433814e-03
1.149649457068081387e-01,2.766339257565756868e-02,-5.148475125695328031e-02
7.220328596223576922e-02,1.235380060248353860e-02,9.200569705133623821e-02
-6.534789243090904920e-02,2.627386122245837369e-03,4.214913881406036344e-02
3.800008974210735096e-04,1.109547129818411540e-02,9.421195487795658297e-02
-6.003758055226048052e-02,4.403570860031456174e-02,5.212509977184010684e-02
-8.445261918545628188e-02,8.339216199722182532e-02,2.113355251244784100e-02
-5.543376125546636141e-02,6.696124292115336607e-02,1.575108504769375320e-02
-8.202344935406646886e-02,1.136213335904284749e-01,-1.590688514420117786e-02
-8.871149253033379367e-02,1.153233370126996865e-01,-1.134289376034476951e-02
-8.660964239196050629e-02,9.398250860515032501e-02,-3.125817314630770574e-03
-9.636553269060649241e-02,1.173312610993804822e-01,-1.038221928238339080e-02
-1.040099124226183114e-01,1.264292994733488829e-01,-1.947556199741277624e-02
-1.123546208754710313e-01,1.362478624713922837e-01,-3.789602555114375548e-02
-1.095414502759764763e-01,1.434551984199803898e-01,-2.942956283965123335e-02
-9.493859805729469581e-02,1.045240705209705689e-01,8.123921229196326942e-04
-1.033896345934508937e-01,1.137233274374225694e-01,-1.397323468259751775e-02
-5.912726480991094963e-02,7.102963424817453075e-02,3.172572371312036479e-03
-1.589125505818625526e-03,4.380458376447103619e-02,4.061742838947641349e-02
-7.900806002347257606e-02,5.720015743884346998e-02,2.560024888860393255e-02
-9.110644178894630740e-02,6.425104212304882934e-02,-6.193755299206449121e-03
-5.040083477695932179e-02,-6.182026526717443460e-02,-4.506991160949259251e-02
9.066557603641318963e-02,-2.389817765424487924e-03,-2.055869514641614840e-02
7.054449073374608435e-03,-4.759251193279677439e-02,6.539490883414314504e-02
-3.226281755625567960e-02,-8.709999069060889165e-02,3.968457513612855952e-02
-6.522724918571037866e-02,-1.294264214854714268e-01,-9.271694565981026398e-03
-7.922652569510446607e-02,-1.419571137964955043e-01,-5.018792854782812285e-02
-6.281073712771981232e-02,-1.222054182687529328e-01,6.750277101383163857e-03
-8.084950810106658614e-02,-1.406577565321338874e-01,-4.650685442481827803e-02
-7.267227290617170321e-02,-1.398414122548825300e-01,-2.738293942317735971e-02
-7.326231098503252492e-02,-1.402420044054141501e-01,-2.920809441133227422e-02
-7.323296296917608528e-02,-1.285255042856855157e-01,-5.041441975392269709e-02
-5.565437710825708872e-02,-8.958946593889283161e-02,-6.127863590213963180e-02
1.085266002103229682e-01,1.005581749283365137e-03,-8.471672176684841293e-02
1.048066503082493717e-01,2.776016315585041680e-03,-8.279535618543273912e-02
3.351275784074574104e-02,-3.036211148901499582e-02,-4.958201507381939516e-02
-2.464096438975143383e-02,-9.127458248761984722e-03,-9.755607869807917873e-03
1.139346573655912048e-01,2.029644929043423335e-02,-3.792804035882140629e-02
1.430225677971886100e-01,1.665027789013150128e-02,-8.490843343131938836e-02
1.173577191982795170e-01,1.499537648825779827e-02,3.474360524620045965e-02
1.273697403937331385e-01,9.050699525697014289e-03,-1.567449829319114696e-02
-4.072203297010575790e-02,-4.251655375189433358e-04,5.860487488174721815e-02
1.081241789966385924e-01,1.665942630939323474e-03,-7.215771814656246619e-02
1.343493994363683663e-01,1.678277152118640494e-02,-7.384791762459699468e-03
2.178138349515607378e-02,1.733071024176870839e-02,9.432326498210946708e-02
-5.549354770847237522e-02,4.006830247699655345e-02,5.371308644838775070e-02
-8.377837795296505519e-02,1.809343863501803804e-02,1.017617335399240673e-02
8.481179584985718001e-02,-1.385569068821411107e-02,-7.308121605420631051e-02
-3.776121425646699475e-02,-8.846953991107626980e-02,-3.452320043322334303e-02
1.314544396627105038e-01,8.197574409604961934e-03,-8.449613203437617015e-02
1.152128065747106828e-01,4.937997871732075807e-03,-8.110750697475950510e-02
4.693623852814830105e-02,-2.463238931836374962e-02,-7.560956366886600888e-02
1.363450639257049457e-01,1.945435338286052862e-02,-5.898389635311445528e-02
1.395248860836063587e-01,1.324681277731568421e-02,-8.291169636078807303e-02
8.965066434862800637e-02,7.183850157864995686e-03,7.652088304279960895e-02
1.201350014202830080e-01,2.578903705838741720e-02,-6.235728259327778800e-02
1.388999086872024502e-01,1.911001782602848517e-02,-8.203987155870311188e-02
1.321964664769029463e-01,2.368880912572117470e-02,-8.482365503846178711e-02
1.259231059499951177e-01,1.881240316424833553e-02,-8.410515379446897866e-02
4.424475435714497057e-02,-1.436440190907610145e-02,9.553148121852975128e-02
7.649744760624820061e-02,-9.475055674869652805e-03,3.450602841434619560e-03
-2.066657214367982609e-02,-7.734622609971436580e-02,2.135717227759835815e-02
-8.441181632916506389e-03,-4.506368546752879262e-02,5.470814539825426259e-02
-4.169106486937372569e-02,-9.208596208069270983e-02,3.111778012591379788e-02
-6.352354546731174556e-02,-1.253330677785243763e-01,2.933428144925924637e-03
-7.997474884910067694e-02,-1.444051468184588960e-01,-4.141611174782382221e-02
-7.177129847120947148e-02,-1.165550040390448405e-01,-1.947709559820506517e-02
-5.037107116349080760e-02,-7.689254414626969791e-02,2.923655367116029594e-02
-7.295377014457309073e-02,-1.118611519035799390e-01,-3.492718097766139840e-02
8.507274641198810106e-02,2.690439712739515002e-02,-2.013849046077435812e-02
4.571035454989331309e-02,-4.530928399957439602e-03,6.801897937918188752e-02
-4.609862967703566572e-02,-9.329988523791371557e-02,3.109500996269282461e-02
-1.473719433016009621e-03,-4.144612744740395864e-03,8.133379963370068744e-02
8.224278967538553586e-02,1.408845546077657634e-02,4.816097403566601404e-02
4.573657787894273852e-02,1.149621151658302906e-02,7.046148380303572656e-02
1.162225864603308456e-01,2.809201121714029192e-02,-8.792425357061806751e-03
5.992571418123944504e-02,3.898839540644197244e-02,2.877127535016719452e-03
-8.009459213406826261e-02,-1.395822512496131540e-01,-5.256626167138098160e-02
-7.566404605603675726e-02,-1.204422374812824104e-01,-5.636450452309593739e-02
-7.640646536545137035e-02,-1.115824516675902739e-01,-5.496242543322103768e-02
-8.302054852472567914e-02,-1.025625822462381265e-01,-4.697577263113609375e-02
6.325459678112466122e-02,4.141511296120787416e-02,-1.455400647813296505e-02
1.181212811749113023e-01,2.872365901497528004e-02,-6.538691563298716647e-02
1.342114914831314398e-01,2.150558460501590316e-02,-6.375151267443741887e-02
6.992938194748919700e-02,3.119586210978409976e-02,1.588706311726435089e-02
-4.076769165151735569e-02,1.273945706227796494e-02,3.745170285497534390e-02
-3.734653765921153168e-02,-1.872789305954271387e-04,6.456967533332290399e-02
1.146495741768538551e-01,3.351475789856742105e-02,-3.666995969783215514e-02
5.403722367239010421e-02,2.245373886514158424e-02,5.965250973617519659e-02
-1.709480368961410410e-02,2.606492831258935827e-02,7.569356125858642259e-02
-7.870918472278962130e-02,1.034095037448486826e-01,-2.120917794756561198e-02
5.391796111466181513e-02,3.991207058600002022e-02,-3.041208739441588361e-03
-6.874264519729851586e-02,9.703976118463766842e-02,-6.803308221209604335e-04
-1.088506275712240595e-01,1.218083582329601150e-01,-4.180222824049088792e-02
-1.074696380213515934e-01,1.196566547487060983e-01,-4.027552572428227950e-02
-1.081223063963935443e-01,1.190157014065739566e-01,-3.869696703974480345e-02
-1.125291139652801198e-01,1.397129599029882929e-01,-4.029741102816769560e-02
-1.059689486635173455e-01,1.457079828134551502e-01,-3.285131356090409405e-02
-1.040830011514027043e-01,1.378680597022389209e-01,-3.637838339803658311e-02
-9.830565154288219143e-02,1.393926738204311067e-01,-3.225342039068133937e-02
-8.127232337920070604e-02,1.162979389086495341e-01,-2.012034094313195146e-02
-1.112485390718260803e-01,1.242281358000066477e-01,-4.386510607369144277e-02
-1.133821264585911648e-01,1.507465781490340551e-01,-3.682847064895859029e-02
-1.074718088603893035e-01,1.465215421853987288e-01,-3.738015493211106766e-02
-1.093171810896155921e-01,1.477066443900909298e-01,-3.743019967149379540e-02
-1.076323035765641423e-01,1.425760246806667964e-01,-3.326821904273974395e-02
-9.998828132104363442e-02,1.407921283082434472e-01,-3.192684073480771267e-02
2.539716042962136475e-02,-4.946070876634199587e-02,-7.927593419403088093e-02
-6.964715781832737929e-02,4.121841706851755299e-02,1.453851546314104343e-03
3.553980182326934439e-02,-3.269637825609422732e-02,-7.067495401956175316e-02
1.403616736480711724e-02,7.224518233888581331e-03,-4.852595289692970826e-02
1.060949138565542987e-01,2.408235085493673142e-02,-5.922243730382632798e-02
3.284622416928887484e-02,2.712863122332059146e-02,-2.985812627456245136e-02
-3.293639934591389290e-02,7.334992387202536601e-02,-6.541254262149853727e-04
-3.682423157474686015e-02,8.258759620728386291e-03,-4.646649361706066232e-03
-3.833352363665790130e-02,4.808478149127057288e-02,-3.524839655058717870e-03
-5.784380649252235385e-02,4.155456775409305942e-02,3.072898696589686923e-02
-6.855583231667984612e-02,4.225168495070862063e-02,1.417265901392004285e-02
-9.783043082299844317e-02,1.224348417980555270e-01,-1.506238653540084745e-02
-1.126375337535496790e-01,1.416616113167459279e-01,-3.035266896228265912e-02
-1.072900626911640065e-01,1.366477302881673461e-01,-2.796138317460246381e-02
-5.468929188722283785e-02,-1.173434835651095270e-01,-1.291764028217734853e-02
2.218751591962941916e-02,1.853652758104528536e-02,3.392724069656758573e-02
2.933431726784040735e-03,8.202384884700852571e-03,1.837771338138535770e-02
1.757749837734932583e-02,6.851992201804150973e-03,2.013072082093523424e-02
4.567900897695247042e-02,7.357082252593150420e-03,5.576168241057707226e-02
4.000660758945680934e-02,-6.815767393927116974e-03,8.206746169228140708e-02
6.926273165271894239e-02,2.893284750486651864e-03,6.501273992916623001e-02
1.752029701155635028e-02,7.290354168454694396e-03,4.339209280368450800e-02
-2.959453244846720413e-02,-2.655247608147306721e-03,3.575177603200159482e-02
-1.792673003239302759e-02,-6.831336955996465676e-02,4.381701962564767822e-02
-5.092226877371178878e-02,-1.146590211746460614e-01,7.026919671996387749e-03
4.152996951821759375e-02,1.210302044375902858e-02,2.254723580338055186e-02
4.359945702125271605e-02,7.557562558048667480e-03,7.303213447023121363e-02
3.297495094192608861e-02,5.544532451753322704e-03,3.025207434404089332e-02
4.119546737420451410e-02,9.180999964785404796e-03,5.778435133161900772e-02
-5.689972698140433049e-02,-3.976833190966089920e-02,6.746828134565248554e-03
9.232751243142869532e-03,2.943484355275422307e-02,6.279367638546903829e-02
4.241733039189183457e-02,1.398602860369942830e-02,5.023398061643188917e-02
3.375699095833751412e-02,3.765293292907577385e-03,5.287846903203918120e-02
-2.651426821929587715e-02,-2.606604175423835393e-02,-1.931464182501335322e-02
